pdb_id,idp_id,receptor_id,idp_iface,idp_iface_seq,receptor_iface,receptor_iface_seq
7S5J,B,A,1-7:9-9:11-22,LNIGRELtDeELMEMTGGSTFSiq,22-22:24-25:54-59:62-63:66-66:73-77:81-81:84-88:93-93:95-95:98-103:136-141:143-144,snamlrrlfkkkyvcvrqydlTdAGaaclssiaqyyglkmslakiremtgtdtQGTNAYglIHaaKqlgfsaKGVKAskeDllKDFRLpaiaNvIvdNRLAHFvviysiknriitvadpgkgivrysmddfcsiwTGGLVLlEPgeafqkg
6F0F,B,A,9-10:12-14:16-20:22-28,amgtltpKEaELArRIRGAgGRTLNGFg,7-11:47-47:49-53:56-56:89-90:92-92:94-96:98-98:107-107:109-112:114-114:145-151,amakvQVNNVvvldnpspfynpfqfeitfeciedlsedlewkiiyVgSAESEeyDqvldsvlvgpvpagrhmfvfqadapnpglipdADaVgVTVvLitctyrgqEfIRVGyYvnneytetelrenppvkpdfsklqrnilasNPRVTRFhinwe
6GWJ,D,B,1-10:17-17:28-31:33-34:37-37:40-41:44-45:47-49,MELLGEYVGQegkpqkLrvs--apgdgDPFQgLLsgVaqMKdmVTeLFDp,60-70:74-74:102-103:111-111:113-113:116-117:120-121:124-125:127-128:131-132:134-135,PHIFTLSVPFPtplEaeiahgslapdaephqrvvgkdltvsgRIlvvrwkaEdCrlLRisVInfLDqLSlvVRtMQrfgppvsr
6IEH,A,B,1-10:12-13:16-18:20-37:39-45:51-55:57-57:59-60:62-63:65-72:80-84:88-97,SFRTDKKPDPaNWeyKSLyRGDIARYKRKGDSCLGINpKKQCISWe---tEKKHSrKqVErYFtKKSVGLMNi------SKTEP---EPISFIPVKD,254-254:256-256:258-258:263-267:270-271:276-276:279-279:313-314:316-317:319-324:337-337:341-341:344-350:353-354:376-377:379-381:383-384:387-387:391-391:396-397:400-400:414-414:431-431:443-443:466-469:471-471:584-585:588-593:595-595:599-599:601-601:606-606:612-621:624-624:630-632:634-634:637-637:643-643:646-650:652-652:664-669:671-672:678-688:699-699:702-703:706-707:713-714:719-719:856-856:891-891:893-894:897-897:926-927,rvkvqsvetvegcthevalpaeedylplkprvgkaakeypfildafqreaiqcvdnnqsvlvsahtsagktvcaeyaialalrekqrviftspikalsnqkyremyeefqdvglmtgdvtinptasclvmtteilrsmlyrgsevmrevawvifdeihymrdsergvvweetiillpdnvhyvflsatipnarqfaewichlhkqpchviytdyrptplQhYiFpaggDGLHLvvDEngdfRedNfntamqvlrdagd----------------snvfKIvKMiMERNFQpviifsfskkdcEayaLqmTKLDFNTdeEKkmveevfsnaidclsdedkklPQvEHVlPLlkRgigIhhggLLpiLketieilfsegliKalfatetfamginmpaRtvlftnarkfdGkdfrwissgeyiqmsgragrrgMDDRgIvilmvdekmsptigkqllkgsadplnsafhltynmvlnllrveeinpeymleksfyqfqhyraipgvvekvknseeqynkivipneesvviyykirqqlaklgkeieeyihkPKycLPFLQPgRlvkVkNegddFgwgvvVNFSKKSNVKpnSgeldpLYVvEvlLrcskeSlkNSATEaAkpakpdekgemQVVPVLvHLlsaisSVRLYIPKDLRpvdnrqsvlkSiqEVqkRFpdgipLLdpidDmgiqdqglkkviqkveafehrmyshplhndpnletvytlcekkaqiaidiksakrelkkartvlqmdelkcrkrvlrrlgfatssdviemkgrvaceissadellltemmfnglfndlsaeqatallscfvfqensSempklteqlagplrqmqecakriakvsaeakleiDeETylSsfkphlmdvvytwatgatfahickmtdvFEgsiircmrrleellrqmcqaakaigntelenkfaegitkikrdivfaaslyl
6IUH,D,B,1-4:6-11:14-15:17-19:21-22:24-26:28-29:32-33,GPGSeFGHSDAqtLAmMLQeQLdAINkEIrlIQee,13-13:17-17:20-21:24-24:27-28:31-31:35-35:71-71:74-75:82-82:102-102:105-107:109-110:112-114:116-117:119-120:123-124:127-127,pglpsTedvIlkTEqvTknIQelLraaQefkhdsfvpcsekihlavtemaslfpkrpalepvrSslRLlnasayRlqsecrktv-----apvdfQllTQQvIQcAYDiAKaAKqlVTitTrek
6IUA,B,A,1-6:8-8:12-22,SGKRKLiTseeERDPAKRGRKS,33-36:39-39:67-67:71-71:74-75:77-79:81-81:84-84:106-106:109-110:113-113:117-117:120-121:157-157:160-160:164-164:167-167:169-169:209-212:244-244:248-248:250-252:254-254:257-257:282-283:286-286:289-290:293-294:321-321:325-325:328-328:332-332,nwsvedivkginsnnlesqlqatqaarklLSREkqPpidniiraglipkfvsflgktdcspiqFesaWalTNiASGtSeqTkavvdggaipafisllasphaHisEQavWalgNiaGDgsafrdlvikhgaidpllallavpdlstlacgylrNltWtlsNlcRnKnpappldaveqilptlvrllhhndpevladscwaisyltDGPNeriemvvkkgvvpqlvkllgatelpivtpalRaigNiVTGtDeqTqkvidagalavfpslltnpktniqKEatWtmSNitAGrqdqiqqvvnhglvpflvgvlskadfKtqkEaaWaitNytsggtveqivylvhcgiieplmnllsakdtkiiqvildaisnifqaaeklgeteklsimieecggldkiealqrhenesvykaslnliekyf
6J0W,D,B,1-27,ETVPDSQISGFDSPLIPTSVGSYFRDDdd,105-105:107-110:113-114:126-126:128-128:131-137:139-139:155-160:167-168:171-171:173-173:176-177:201-201:278-278:373-373:377-377:386-388:392-392:400-400:405-413:425-426:429-429:433-433,stsllfeqlnflilvaaeaelpiahstrkllmdnscnncqiyelynenlkdvktdkdwfmnkfgpqtvhfvisntinfpfykivyfdllipvvshtwvqdsvkTkRHLRtnMYspnpfhllrdcQvYisKSSFNKCeYilysdllhllggtlvNYISNRtthvivQSpqDpIiaTVs----------------------Wkfvypiwilyhfkmakplkgelatlceldmqdtseeqlfakweevigd----ssqltlhpnktlfknhhfaispdlNfftplywflkgfiedldgkvtplsfsddlksvyqafpdidcyighsanspilektksikpeihvgnvswlfymfalqkftpvsqcklihqpfhaKlftSkeltvaytNYFgsqRfyiqrlvEilggLSTPELTRKnthlitkstigKKfkVakkWsldpqnaiivtnhmwleqcymnnsklnpkdsrfqnfklddnmgwnigqigm
6KK3,A,B,1-14:16-27:29-37,DMYIERAGDITWEKdAEVTGNSPRLDVaLDESGDFSLv,1-1:3-13:17-17:20-20:24-26:30-30:36-37:40-45:49-49:56-57:59-59:73-73:78-80:82-82:84-84:90-103:107-107:109-109:111-112:114-114:122-122:124-126:128-128:130-130:136-141:146-146:148-148:150-150,EtTDGVYRVMTRRllgStqVgvgVMQegvFhtmwhVTkgAALRSGegrLdpywgdVKqDlvsycgpwkldaaWdglsEVQlLaVppgerAKNIQTLPGIFKTKdgdIgAvALdYpagtsgsPiLDKcGrViglygNGVVIKngsyVsAiTqgkr
6OP8,B,A,26-30:34-34:37-38:40-42:44-46:48-50:52-53:55-56:59-60:63-63,NRSKLpssKkeREeLFRkRKEeMILaARkRMegKIkgEkqdk,11-11:14-15:17-33:39-41:43-43:51-54:160-161:164-165:167-170,kamalrrlMkeYKeLTENGPDGITAGPSNEDdfftwDCLiQgpdgtpfEGGLypatlkfpsdyplgpptlkfeceffhpnvykdgtvcisilhapgddpnmyessserwspvqsvekillsvmsmlaepndesganidackmwredreeycrvvrrlARktLGlLVPR
6U1X,P,A,49-56:82-89:94-105,TKPSYFQA-------------------------EQVEGFIQ----DYADEEVDVVFT,433-434:701-701:703-706:722-722:739-740:743-743:746-746:1375-1375:1377-1377:1415-1415:1419-1420:1427-1427:1429-1431:1433-1435:1437-1438:1495-1498:1533-1535:1909-1912:1928-1928:1932-1932:1954-1958:1960-1960:1975-1975:1979-1981:1984-1984:2022-2022:2051-2052:2070-2070:2074-2074:2080-2080:2083-2084:2086-2086:2094-2101,nhadynlnsplisddidnlirkfnslpipsmwdsknwdgvlemltscqanpistsqmhkwmgswlmsdnhdasqgysflhevdkeaeitfdvvetfirgwgnkpieyikkerwtdsfkilaylcqkfldlhkltlilnavsevellnlartfkgkvrrsshgtnicrirvpslgptfisegwayfkkldilmdrnfllmvkdviigrmqtvlsmvcridnlfseqdifsllniyrigdkiverqgnfsydlikmvepicnlklmklaresrplvpqfphfenhiktsvdegakidrgirflhdqimsvktvdltlviygsfrhwghpfidyytgleklhsqvtmkkdidvsyakalasdlarivlfqqfndhkkwfvngdllphdhpfkshvkentwpTAaqvqdfgdkwhelplikcfeipdlldpsiiysdkshsmnrsevlkhvrmnpntpipskkvlqtmldtkatnwkeflkeidekglddddliiglkgkerelklagrffslmswklreyfviteylikthfvpmfkgltmaddltavikkmldsssgqglksyeaicianhidyekwnnhqrklsngpvfrvmgqflgypsliertheffeksliyyngrpdlmrvhnntlinstsqrvcwqgqeggleglrqkgwtilnllviqreaKiRNTAvkvlaqgdnqvictqYktkksrnvvelqgalnQMvsNneKimtaikigtgklgllinddetmqsadylnygkipifrgvirgletkrwsrvtcvtndqiptcanimssvstnaltvahfaenpinamiqynyfgtfarlllmmhdpalrqslyevqdkipglhsstfkyamlyldpsiggvsgmslsrflirafpdpvteslsfwrfihvharsehlkemsavfgnpeiakfrithidklvedptslniamgmspanllktevkkcliesrqtirnqvikdatiylyheedrlrsflwsinplfprflsefksgtflgvadglislfqnsrtirnsfkkkyhrelddlivrsevsslthlgklhlrrgsckmwtcsathadtlrykswgrtvigttvphplemlgpqhrketpcapcntsgfnyvsvhcpdgihdvfssrgplpaylgsktsestsilqpwereskvplikratrlrdaiswfvepdsklamtilsnihsltgee-----hgfkrtgsalhrfstsrmshggfasqstaaltrlmattdtmrdlgdqnfdflfqatllyaqitttvardgwitsctdhyhiacksclrpieeitldssmdytppdvshvlktwrng------eikqiyplegnwknlapaeqsyqvgrcigflygdlaYrKsthaedsslfplsiqgrirgrgflkglldglmrasccQvihRRslahlkRpANAvYGGlIYlidklsvsppflsltrsgpirdeletiphkiptsyptsnrdmgvivrnyfkyqcrlIEKGkyrshysqlwlfsdvlsidfigpfsisttllqilYKPflsgkdknelrelanlssllrsgegwedihvkfftkdillcpeeirhackfgiak-----msyppwgresrgtittipvyytttpypkmlemppriqnpllsgirlgqlptgahykirsilhgmgihyrdflscgdgsggmtaallrenvhsrgifnsllelsgsvmrgaspeppsaletlggdksrcvngetcweypsdlcdprtwdyflrlkaglglqidlivmdmevrdsstslkietnvrnyvhrildeqgvliyktygtyiceseknavtilgpmfktvdlvqtefsssqtsevymvckglkklidepnpdwssineswknlyafqsseqefarakkvstyftltgipsqfipdpfvnietmlqifgvPTGVshaaalkssdrpadlLtisLfymaiisyyninhirvgpippNPPSDgIaqnvgiaitgisfwLslmEKDipLyqqclaviqqsfpirweavsvkggykqkwstrgdglpKdtrisdslapignwirslelvrnqvrlnPFneilfnqlcrtvdnhlkWsnlRrntgmIewINrRiskedrsILMLKSDLheenswrd
7AD3,G,F,49-60:62-64:66-71,RITASNACLTIInYTSnTKDYTL,60-60:63-65:68-69:75-75:79-81:279-279:281-281:283-284:296-296:298-298:300-301:303-303:305-305:360-362:378-379:421-423,IqdASLfqMAnkvtsLtknKINlkpnivlkghnnkisdfrwsrdskrilsasqdgfmliwdsasglkqnaipldsqwvlscaispsstlvasaglnnnctiyrvskenrvaqnvasifkghtcyisdieftdnahiltasgdmtcalwdipkakrvreysdhlgdvlalaipee------sntfascgsdgytyiwdsrspsavqsfyvndsdinalrfFkDgMSivagsdngainMyDlRSdCsIatfs----------------------------------------qgvvsldfsaSGRlmyscytdigcvvwdVLkgeivgkleghggrvtgvrsspdglavctgswdstmkiwspGYQ
7BK4,B,A,2-6:8-11:14-19,kHKILHrLLQDssSPVDLAk,59-59:62-62:66-66:71-77:79-80:83-84:231-232:235-236:238-238,anedmpverileaelavepktetyveanm-------ndpvtnicqaadkqlFtlVewaKriphFSELPLDdQVilLRagwnelliasfshrsiavkdgillatglhvhrnsahsagvgaifdrvltelvskmrdmqmdktelgclraivlfnpdskglsnpaevealrekvyasleayckhkypeqpgrfaklllrlpalrsiglkclehlfffkligdtpidTFlmEMlE
7CUI,B,A,22-26:28-30:32-38:41-42:44-45:48-49,FHWKN?TSLsIEECIIPkgQQlILekES,38-38:47-50:61-61:70-72:79-79:82-83:85-85:93-95:97-97:99-99:153-153:169-175:186-188:190-192,neitahvinepaslklttistiLh----nllKPRKhrlrvqvvdfWpksltqfaVLSqppssyVw?FAlLvrdvsnvTLPvIfFdsdaaelinsskiqpcnladhpq?tlqlkerlfliwgnleeriqhhiskgespTlaaedvetpwfdiyvKEYIPVI-------sltFLQkRWRgfgtkiv
7EV8,B,A,20-22:24-29:31-36:39-39:41-42,DKStNISSALnIIEFILstDpQE,234-234:240-241:244-245:248-249:251-252:255-256:258-258:261-261:264-265:267-268:271-272:274-275:282-282,kntvsifalgptitdddekmtlallflshsldnekqhaqragflvsllsmayanpelylttngsnadvkyviymiekdlkrqkyggfvvktremiyekttewifgsd------------------edlvhtfgypsclgaliiqiwivlvkaitsisglrkgfftrleafrqdgtvqaglvlsgdtvdqigsimrsqqslvtlmvetlitmntsrndlttiekniqivgnyirDaglasFFntIRygIEtRMaaLTlStlRpdINrLKalMElYLskgpraPficilrdpihgefapgnypaiwsyamgvavvqnramqqyvtgrsyldidmfqlgqavardaeaq
7JPN,H,A,1-4:6-8:10-11:13-15:17-17:19-20:23-30:32-34,ASWTdNIMaQKcSKGaAaEIreQGDGAEDEeWDD,23-23:144-145:148-148:151-152:154-155:159-159:161-161:230-232:234-234:239-239:242-242:249-250:252-252:273-273:325-325:327-328:331-332:334-335:338-339:369-370:377-378:381-382:384-387:412-413,grlpacvvdcgtgytklgyagnTepqfiipsciaik--------------kgvddldffigdeaiekptyatkwpirhgivedwdlmerfmeqvifkylraepedhyflltepplntpenreytaeimfesfnvpglyiavqaVLalAasWTsRQvgeRtLtgtvidsgdgvthvipvaegyvigscikhipiagrdityfiqqllrdrevgippeqsletakavkerySYVcPdlvkEfnKydtdgsKWiKqytginaiskkefsidvgyeRflgpeiffhpefanpdftqpisevvdeviqncpidvrrplyknivlsggstMfRDfgRRlQRdlKRtvdarlklseelsggrlkpkpidvqvithHMqryavwFGgsMLaSTPEfyqvchtkkdyeeigpsicrhnpvFG
7KZP,W,S,12-17:20-20:22-25:27-32,?????????epTEVFTVgpKtFSWTpFPPDLW???????,658-658:661-662:664-665:710-711:716-716:720-720:723-724:727-729:731-732:735-736:764-764:767-768:771-772:775-777:779-780:784-784:1002-1003,rrawaellagrvkrekynperaqklkesavrllrshqdlnallle---------------------------ssfigsalqdqasrlgvpvgilsagmvassvgqic-------------veqrkklssllefaqyllahsmfsrlsfcqelwkiqssllleavwhlhvqgivslqelleshpdmhavgswlfrnlcclceqmeascqhadvaramlsdfvqmfvlrg------------------vtvdvlqrmlifaldalaagvqeessthkivrcwfgvfsghtlgsvistdplkrffshtltqilthspvlkasdavqmqrewsfarthplltslyrrlfvmlsaeelvghlqevletqevhwqrvlsfvsalvvcfpeaqqlledwvarlmaqafescqldsmvtaflvvrqaal------lsyadwfkasfgstrgyhgcskkalvflftflselvpfesprylqvhilhpp-----yrslltdyislaktrladlkvs-----------------ephsqalqdvekaimvfehtgnipvtvmeasifrrpyyvshflpalltprvlpkvpdsrvafieslkradkippslystycqacsa--------------------eplgqltaalGelRAsMTdpsqrdvisaqvaviserlravlgh------------------pRLepreHmavDllLTsfCQNlMAasSVapperqgpwaalfvrtmcgrvlpavltRlcQLlrHQgpSLSaPHvlgLaalavhlgesrsalpevdvgp-------pvpalfdslltcrtrdslffclkfctaaisyslckfssqsrdtlcsclspglikkfqflmfrlfsearqp--------------hlpsadwqraalslwthrtfrevlkeedvhltyqdwlhleleiqpeadalsdterqdfhqwaihehflpessasggcdgdlqaactilvnalmdfhqssrsydhsENsdlvfggrtgnediisrlqemvadlelqqd---------sqehflfeifrrrlqaltsgwsvaaslqrqrellmykrillrlpssvlcgssfqaeqpitarceqffhlvnsemrnfcshggaltqditahffrgllnaclrsrdpslmvdfilakcqtkcpliltsalvwwpslepvllcrwrrhcqsplprelqklqegrqfasdflspeaaspapnpdwlsaaalhfaiqqvreenirkqlkkldcereellvflfffslmgllsshltsnsttdlpkafhvcaaileclekrkiswlalfqltesdlrlgrlllrvapdqhtrllpfafysllsyfhedaaireeaflhvavdmylklvqlfv---------------------npvelitkarlfllqliprcpkksfshvaelladrgdcdpevsaalqsrqqaa
7N9H,A,C,3-8:10-11:13-24,dNKRKMDeTDaSSAVKVKRAVQK,32-32:35-38:73-73:76-77:79-83:86-86:112-112:115-115:119-119:122-123:158-159:162-162:165-166:169-169:171-171:197-197:201-201:204-204:208-208:211-214:246-246:250-250:252-254:256-256:259-259:284-285:288-288:291-292:295-296:323-323:327-327:330-330:334-334:337-338,nwsvedivkginsnnlesqlqatqaaRklLSREkqppidniiraglipkfvsflgktdcspiqfesaWalTNiASGTSeqTkavvdggaipafisllasphahiseQavWalgNiaGDgsafrdlvikhgaidpllallavpdlstlacgylRNltWtlSNlcRnKnpappldaveqilptlvrllhhndpEvlaDscWaisYltDGPNeriemvvkkgvvpqlvkllgatelpivtpalRaigNiVTGtDeqTqkvidagalavfpslltnpktniqKEatWtmSNitAGrqdqiqqvvnhglvpflvgvlskadfKtqkEaaWaitNytSGgtveqivylvhcgiieplmnllsakdtkiiqvildaisnifqaaeklgeteklsimieecggldkiealqrhenesvykaslnliekyf
7NJ1,B,A,111-153:155-155:158-166,YPEIEKFFPFNPLDFESFDLPEEHQIAHLPLSGVPLMILDEEReLekLFQLGPPSP,402-402:405-406:409-409:461-462:465-465:468-468:505-505:508-509:512-512:544-544:547-548:551-551:590-590:593-596:598-600:603-603:634-635:637-638:679-679:683-683:686-686:690-690:693-694:697-697:700-700:768-768:770-771:774-775:778-778:806-808:811-811:940-940:943-944:947-947:950-951:953-954:973-974:976-977:980-981:984-984:987-987:1005-1006:1008-1010:1012-1013:1016-1017:1020-1021:1041-1041:1638-1638:1764-1765:1768-1768:1770-1771:1773-1774:1776-1777:1780-1780:1957-1960:2003-2005:2007-2007:2011-2013:2017-2017:2029-2030:2033-2035:2037-2037:2043-2045:2048-2048:2063-2068,lspqralclleltlehcrrfcwsrhhdkaisavekahsylr-tnlapslqlcqlgvkllqvg---pqavakllikasavlsksm----pplralyescqfflsglergtkrryrldailslfaflggycsllqqlrddgvyggsskqqqsflqmyfqglHlyTVvvYdfaqgcqivdladltqlvdsckstvvwmlealeglsgqeltdhmgmtasytSNlaYsfYshklyaeacaiseplcqhlglvkpgtypevppeklhRcfRLqvEslkklgkqaqgckmvilwlaalqpcspehmaEpvTFwvRvkmdaaragdkelqlktlrdslsgwdpetlalllreelQayKAVRaDTGqeRfniicdllelspeetpagawarathlvelaQVlCYhdftqqtncsaldairealqlldsvrpeaqardqllddkaQallWlyIctlEakIQegIerDrraqa----------------------flysniafnlaadaaqskcldqalalwkelltkgqapavrClQQtaASlqIlaalyqlvakpmqalevllllrivserLKDhsKaagsschitqllltlgcpsyaqlhleeaasslkhldqttdtylllsltcdllrsqlywthqkvtkgvslllsvlrdpalqksskawyllrvqvlqlvaaylslpsnnlshslweqlcaqgwqtpeialIdsHKllRsiILlLMg------------tsfldYGeNLvqKWqvLseVlscseklvchlgrlgsvSEaKAFcLEalKLttKLqiprqcalflvlkgelelaRndidlcqsdlqqvlfllesctef-------------------------------------------------------------------------------ptcdcslcaspvltavclrwvlvtagvrlamghqaqgldllqvvlkgcpeaaerltqalqaslnhktppslvpslldeilaqaytllaleglnqpsneslqkvlqsglkfvaariphlepwrasllliwaltklg-----------------------------------------------------------------------------------------------------------------------------------------------------------------------------------------------------------------------------------------------------------------------------------------------------stldsicdslsvafrgishcppsglyahlcrflalclghrdpyataflvtesvsitcrhqllthlhRqlskaqkhr-------------------dvplariqrlfsfralesghfpqpekesfqerlalipsgvtvcvlalatlqpgtvgntllltrlekdsppvsvqiptgqnklhlrsvlnefdaiqkaQKenSsCTdKReWWtgRlaldhrmevliasleksvlgcwkglllpsseepgpaqeasrlqellqdcgwkypdrtllkimlsgagaltpqdiqalayglcptqperaqellneavgrlqgltvpsnshlvlvldkdlqklpwesmpslqalpvtrlpsfrfllsysiikeygaspvlsqgvdprstfyvlnphnNLSSteeqfranfsseagwrgvvgevprpeqvqealtkhdlyiyagHGAgArflDGQavlRlscravallfgCSsaALAvHgnlegAGIvlKyimagcplflgnlwDVTDRDidryteallqgwlgagpgapllyyvnqarqaprlkyligaapiayglpvslr
7P0U,G,F,4-5:8-9:11-13:15-20:22-23,sAAqlTAaRLKaLGDELHqRT,48-48:51-52:55-56:59-60:63-63:75-75:78-79:82-83:85-85:89-92:94-95:99-99:138-138:141-142:144-146,ddidasavmaaylareyaeaveeqltprerdalealrvSgeEVrsPLlqELsnA--------nshIpaALvsALlEa-tSPGRmVTaveLcaqmgrlwtrgrqlvdfmrlvyvlldrlpptadedlgaWlqAVaRVHg
7QOX,D,B,1-16:21-21:23-29,TQSDDDWIPDIQIDPNglsfNpISDFPDT,19-19:21-21:24-24:26-29:52-52:55-59:61-62:65-65:67-67:69-69:79-82:109-109:111-117:140-140:142-142:146-148:151-151:154-154:156-156:158-158:161-161:166-166:170-172:174-174,gcltqlyenaFfRggDvASMYtpnaqycqmrctfhprcllfsfLpaSSINDmEKrfGcFlKdsvtgtlpkVHRTgavsghslkqcghqisachrdiykgvDmRGVNFNVskvssveecqkrctnnircqffSyAtqtFHKaeYrnNcLlKysPggtpTaikVLSnVesgfslkpcalseigchmnifqhlafsdvdvarvltpdafvcrtictyhpnclfftfytnvwkiesqrnvcllktsesgtpssstpqentisgyslltckrtlpepchskiypgvdfggeelnvtfvkgvnvcqetctkmircqfftysll-edck--ackcflrlsmdgsptriaygtqgssgyslrlcnt
7QTW,B,A,4-4:7-9:11-12:14-16:18-20:22-25,esQedIIRnIArHLAqVGDsMDRSippg,44-44:48-48:52-52:55-56:59-60:63-63:69-69:72-74:76-78:80-81:88-91:93-95:98-98:145-145:149-151,mdedvlpgevlaiegifmacglnepeylyhpllspiklYitgLmrdKesLFeaMLanVrfhstTgiNQLgLSMlQVsgdgnmNWGRaLAIltFgsfvaqklsnephlrdfalavlpayayeaigpqwfrarggwrglkaYctqVLT
7XVA,B,A,1-8:10-11:13-15:17-18:21-21,QQPTYVALsYInRFMtDAarReq,34-36:42-42:44-45:47-48:51-52:54-55:223-223:226-226:229-231:234-235:238-239:242-243:246-247:250-251:254-255,egpllsdthvtfkltmPSPmpeylNvHYiCEsaSRlLFlsmhwarsipafqalgqdcntslvracwnelftlglaqcaqvmslstilaaivnhlqns---------rikqvmehiwklqefcnsmakldidgyeyaylkaivlfspdhpgltstsqiekfqekaqmelqdyvqktysedtyrlarilvrlpalrlmssniteelfFtgL--NVSidSIipYIlkMEtaEYngQItgAS
8A3T,W,K,1-11:13-13:15-16:19-20:23-24:26-27,MIRRAPTTLQLsHdDVtsLIddLNeQKlkqqlniekt,474-475:477-477:479-479:501-501:504-505:508-508:535-535:539-539:542-542:554-554:565-566:569-570:573-573:576-577:588-588:598-598:600-600:604-604:607-608:610-611:632-634:637-638:641-641:644-645:671-672:675-675:678-679:682-683:685-686:709-709:712-713:716-716:719-720:722-722:742-743:746-747:750-750:753-754:757-757,aierlrlwrfdalmqhmyrtaeyiadkvynisndpddafwlgqvyynnnqyvravelitrnnldgvnilcryllglsfvklqrfddaldvigeynpfs-------------------------dggikmesslcflrgkiyfaqnnfnkardafreailvdiknfeafemllsknlltpqeewdlfdsldfkefgedkeimknlykinlskyinteditksneilakdykladnvdvvrskvdicYTqCkFneclelcetvlendefntnilPayIGclYelsnknklfllshrlaetfpksaitwFsvaTyyMsldriseaqkyYskssildpsfAAawLGfaHtyALegeqdqaltaYstasrffpgMhLpklFlgMQfMAmnslnlaesyfvlaydicpnDPLvlNEmgVmyFKknefvkakkylkkalevvkdldpssRTtiSiqLNlgHTyRKlneneiaikcfrcvlekndknsEihCSlgYlyLKtKklqkaidhlhkslylkpnnSSatALlkNalELnvTl
8B8V,B,A,4-9:11-12:14-15:20-25:27-29:31-35:38-39,IFVNPSaIRaGL----MAEETVdLINrNIEDNqaHL,126-126:199-200:202-203:206-207:209-210:216-217:219-221:223-224:229-232:234-235:237-240:247-247:250-250:256-260:263-264:314-314:317-318:379-380:383-383:386-387:391-391,eykypaikdlkkpcitlgkapdlnkayksvlsgmnaakldpddvcsylaaamqffegtcpedwtsygiliarkgdritpnslveikrtdvegnwaltggmeltrdptvsehaslvglllslyRlskis-----nyktniadrieqifetapfvkivehhtlmtthkmcanwstipnfrflagtydmffsriehlySAiRVgtVVtAYedcsgLVsFTGfIKqinlTAREaILyFFHKnfeeeiRrmFepgqeTAVPHsyFIhfrslglsgkspyssnavghvfnlihfvgcymgqvrslnatviaacaphEmsVLggylgeef---------------------------------------------------sPEavYtrIMmngGrlkrshirryvsvssnhqarpnsfaeflnktys
8FZM,B,A,6-11:13-13:15-15:17-26,RRKRKReWdDdDDPPKKRRRL,37-41:43-43:71-71:75-75:78-79:81-83:85-85:88-88:110-110:113-114:117-117:121-121:124-125:156-157:160-160:163-164:167-168:199-199:202-202:206-206:208-209:211-211:215-215:244-244:248-248:250-252:254-254:257-257:282-283:286-286:289-290:293-295:298-298:325-325:328-328:332-332:335-336,sleaivqnassdnqgiqlsavqaarklLSSDRnPpiddliksgilpilvhclerddnpslqFeaaWalTNiASGtSeqTqavvqsnavplflrllhsphqNvcEQavWalgNiiGDgpqcrdyvislgvvkpllsfispsipitflRNvtWvmVNlcRHkdppppmetiqeilpalcvlihhtdvnilvDtvWalsYlTDaGneqIqmvidsgivphlvpllshqevkvqtaalRavgNiVTGtDeqTqvvlncdalshfpallthpkekinKEavWflSNitAGNqqQvqavidanlvpmiihlldkgdfgtqkEaaWaisNltISgrkdqvayliqqnvippfcnlltvkdaqvvqvvldglsnilkmaedeaetignlieecgglekieqlqnhenediyklayeiidq
6B7G,B,A,1-1:4-7:14-14:19-31,TtnSSSNhledphYseltNLKVCIELTGLHPkk,6-6:9-10:13-13:16-17:20-20:22-22:25-26:28-29:34-37:40-40:43-51:53-53,mdkayLdeLVelHrrLMtlReRhiLQqIVnlieETGHfhItnTTFDFDLCSlDkttvrklqsyletsgts
6LQZ,B,A,19-31:35-35,evksssveiingseskkKKPKLTVKIKLNKttvLenndgkraeekpeskspakktaak,7-8:11-12:14-15:18-19:22-23:25-27:38-38:41-41:43-54,kgsvdLEklAFgLTklNEddLVgVVQmvtdnktpemNvtNnVEEGEFIIDLYSlpegllkslwdyvkknte
6XFL,B,A,28-28:30-35:37-39:41-43:46-47,hmdpltpdasesvnnilkqsgawsgDdKLQKWVrVYLdRGQeaIK,9-9:11-12:19-20:22-23:26-27:30-31:33-34:40-40:47-48:50-51:54-55:58-59:64-68:71-72,mdnsaSkNSaisssiFCeKYkqTKeqALtFFqehpqYmrskedEEqLMteFKkvLLepgsKNLSIyqTLlaaherlqal
6TL0,B,A,24-31:38-38,gplgsteedledaedtvsaadpeFCHPLCQCpkcapaQkrlakvpasglgvnvtsqdgssw,12-12:34-37:40-41:162-162:164-164:173-173:175-175:181-181:184-184,gspefgtrdrmLvlvlgdlhiphrcnslpakfkKLLVpgKIqhilctgnlctkesydylktlagdvhivrgdfdenlnypeqkvvtvgqfkiglihghqvipwgdmaslallqrqfdvdilisghthkfeafehenkfyinpgsatgaynaletniipsfvLmDiqastvvtYvYqligdDvkVerieykks
7OVC,B,A,6-11:13-14:16-17:19-24:26-27,gmsvtELTVEDsGEsLEdLMAKMKnMW,10-17:29-30:32-34:36-41:43-44:47-47:55-60:70-70:131-131,madeatrrvVSEIPVLKtnagprdrelwVQrLKEeYQSLIRyVEnnKnadndwfRLESNKegtrwfgkcWyihdllkyefdiefdipitypttapeiavpeldgktakmyrggkicltdhfkplwarnvpKfglahlmalglgpwlaveipdliqkgviqhkekcnq
6BW9,B,A,12-35,CLGRRVVQPGMFADYPPTKKARVL,34-34:37-41:43-43:71-71:75-75:79-79:81-83:85-85:88-88:114-114:117-117:121-121:124-125:157-157:160-160:163-164:167-168:198-199:202-202:206-206:209-209:237-237:240-240:243-244:248-248:250-252:254-254:257-257:279-279:282-283:286-286:289-290:293-294:298-298:325-325:328-328:331-332:335-335:364-364:367-368:371-371:375-375,sleaivqnassdnqgiqlsavqaaRklLSSDRnPpiddliksgilpilvhclerddnpslqFeaaWaltNiASGtSeqTqavvqsnavplflrllhsphqnvceQavWalgNiiGDgpqcrdyvislgvvkpllsfispsipitflrNvtWvmVNlcRHkdppppmetiqeilpalcvlihhtdvnilVDtvWalsYltDagneqiqmvidsgivphlvpllshqevKvqTaaLRavgNiVTGtDeqTqvvlncdalshfpallthpkeKinKEavWflSNitAGnqqQvqavidanlvpmiihlldkgdfgtqkEaaWaiSNltIsgrkdqvayliqqnvippfcnlltvkdaQvvQVvlDglsNilkmaedeaetignlieecgglekieqlqnhenediyklayeiidqffss
6DXO,D,A,55-59:61-75:77-78,ianvsahrranafaqaledr-----------------eqgkllalasglgdlpKPQLDpEVKVVQRAQLVAAMEaMLm,7-7:9-13:15-16:19-20:23-24:27-28:31-32:37-37:41-41:44-45:48-49:52-53:55-56:89-90:93-94:96-97:104-105:108-109:112-113,dlvdrAqAGEAEaFGrlYDqySDtvYRyiYYrvggKataEdlTSetFLraLRrIStftwqgrdfgawlvtiarnlvadh-------sNAalLDaVRrlnpqqQEcvTLrfLQglsvaetarvmgknegaiktlqyravrtlarll
6FBX,B,A,3-20:22-23,lWAAKKYGQQLRRMSDEFDkGQ,42-42:45-46:49-50:53-54:57-57:60-61:64-64:75-76:79-80:82-83:87-87:89-90:92-94:97-97:146-148,gplsmscwlreqtlllaedyisfcsgiqqtppsesaeamryLakEMeqQHrtKFrsLsqEFldTcgadpskclqSVmrELvGDgkmNwGRvVSIftFtgvlasellsrgensegsrrlaetiadylggekqdwlvenggwegfcrFFH
6HLN,B,A,22-23:25-26:29-30:33-35:38-39:42-42:45-50:52-53:55-61,tpaPDaINdlLRsvDSQevRDycQkkGWIVIHpSNeLVVEKHI,11-13:15-15:17-17:20-21:24-24:28-28:30-31:33-34:37-46:48-48:52-57:132-133:136-136:160-166,meslpviaapSMWtRpQikDFkeKiqqDaDSvITvgRGEVVTVRVPtHeegSYLFWEfatdnydigfgvyfewt------------------------------------kplldeivpvyrrdcheevyaGShqYpgrgvyllkfdnsyslwrsksvyYRVYYTR
6IDX,C,A,1-5:8-8:10-20:22-24,RKSRYaeLdFEKIMHTRKRHqDMFq,156-156:159-160:163-164:169-169:195-196:199-199:202-203:206-207:237-238:241-241:244-245:248-252:255-255:284-285:288-289:292-292:296-296:299-300:302-303:430-433:436-436,sdivkvaiewpganaqlleidqkrplasiikevcdgwslpnpeyytlryadgpqlyiteqtrsdikngtilqlaispsraarqlmertqssnmetrldamkelaklsadvtfatefinmdgiivltrlvesgtkllshysemlaftlTafLElmDHgivsWdmvsitfikqiagyvsqpmvdvsilQRslAilESmvLNsqslyqkiaeeitvgqlishlqvsnqeiqTYaiAliNAlfLKAPEdkRqdmanafaqkhlrsiilnhvirgnrpikTEmaHQlyVlqvLtfNLlEErmmtkmdpndqaqrdiifelrriafdae----------tekrkamytkdykmlgftnhinpamdftqtppgmlaldnmlylakvhqdtyirivlenssredkhecpfgrsaieltkmlceilqvgeLPNEgrNdyhpmffthdrafeelfgiciqllnktwkemrataedfnkvmqvvreqitralpskpnsldqfksklrslsyseilrlrqser
6JJW,U,A,11-20:22-23:25-26:29-29,IIVPSYRPTPdYEtVMrqMk,15-15:19-21:23-23:25-25:27-29:32-36:66-66:68-69:72-72:74-74:76-76:79-83,lplpegwEearDFDgKvYyIDHrnRTTSWidprdrytkpltfadcisdelplgweeayDpQVgdYfIdHntKTTQIedprvqwrreqeh
6K06,A,C,18-23:25-26:28-43,AKKKLReYQqRNDPGVPTGAKKKKKI,39-42:45-45:73-73:77-77:80-81:83-85:87-87:90-90:116-116:119-119:123-123:126-127:162-163:166-166:170-170:173-174:201-201:205-205:208-208:212-212:215-216:218-218:246-246:250-250:254-254:256-258:260-260:263-263:285-285:288-289:292-292:296-296:299-300:327-327:330-331:334-334:338-338,wsvedivkginsnnlesqlqatqaarklLSREkqPpidniiraglipkfvsflgktdcspiqFesaWalTNiASGtSeqTkavvdggaipafisllasphahiseQavWalgNiaGDgsafrdlvikhgaidpllallavpdlstlacgylRNltWtlsNlcRNknpappldaveqilptlvrllhhndpEvlaDscWaisYltDGpNeriemvvkkgvvpqlvkllgatelpivTpalRaigNiVTGtDeqTqkvidagalavfpslltnpktNiqKEatWtmsNitAGrqdqiqqvvnhglvpflvgvlskadfKtqKEaaWaitNytsggtveqivylvhcgiieplmnllsakdtkiiqvildaisnifqaaeklgeteklsimieecggldkiealqrhenesvykaslnliekyfs
6K8K,H,G,7-9:11-12:14-21:23-29:31-32:35-36:38-39:43-45:47-50:52-53:55-57:59-61:63-64,vlSGRdRLkRHREEVAGkVPIPDSWgKEglLMgWM---TFDaAFTSsQIvSARaALMaDS,45-46:102-104:106-106:109-110:113-113:116-116:128-128:136-136:138-138:205-205:207-211:220-220:223-224:228-228:241-242:244-246:301-302:305-305:311-312:321-321:323-323:325-325:328-329:332-333:345-347:349-351:353-353:373-376:379-380:383-383:390-390:394-394:432-433:435-435,mkmdkktivwfrrdlriednpalaaaahegsvfpvfiwcpeeegQFypgrasrwwmkqslahlsqslkalgsdltliqthntisaildcirvtgptkvvfnHLYdPvsLVrdHtvKeklvergisvqSyngdllyEpWeiycekgkpftsfnsywkkcldmsiesvmlpppwrlmpitaaaeaiwacsieelgleneaekpsnaLlTRAWSpgwsnadkLlnEFiekQlidyaknskkvvGNsTSLlspylhfgeisvrhvfqcarmkqiiwardknsegeesadlflrgiglreysryiCFnfP-----SLlshlrffpWdAdVdkFKawRQgrtgyplvdagMRElWATgWmhnrirvivssfgvkflllPWKWgmKYfwDtlldadLecdIlgwqyisgsipdgheldrldnpalqgakydpegeyirQWlPelarlptewihhpwdapltvlkasgvelgtnyakpivdidtarellakaisrtreaqimi
6KU0,B,A,5-13:17-18:20-27,QPTRRQIRLsspERqRLSSLNLT,60-60:63-64:68-68:71-72:74-76:78-79:106-108:112-112:123-132:135-135:138-139:142-143:146-146,fqgmleykredeqklvknlilelkprgvavnlipglpayilfmcvrhadylndDqkVRsllTstINsIKKvLKkrgddfetvsfwlsntcrflhclkqySGEegfMkhntsrqnehCLTNFDLAEYrqVlsDLaiQIyqQlvrvlenilqpmivsgmlehetiqgvsgvk---------------tytldsilrqlnsfhsvmcqhgmdpelikqvvkqmfyivgaitlnnlllrkdmcswskgmqirynvsqleewlrdknlmnsgaketlepliqaaqllqvkkktdddaeaicsmcnalttaqivkvlnlytpvnefeervsvsfirtiqmrlrdrkdspqllmdakhifpvtfpfnpsslaletiqipaslglgfiarv
6QJ3,B,A,20-20:22-28:30-33:36-50:53-53:58-59:61-64:66-66:68-78,SeATLAPSFaSLQLkkLELEFAVDPFFKKASadF---gAKgLLLNhL?IDSQGRIVFDS,333-335:341-341:378-383:388-388:418-420:422-423:428-428:561-562:564-566:568-568:598-598:601-603:653-654:657-658:660-661:735-735:738-738:745-745:786-787:789-790:793-793:797-797:844-844:847-848:851-851:854-854:936-936:940-940:944-944:947-947:971-971:974-975:978-979:981-982:985-985:1011-1012:1016-1016:1018-1019:1022-1022:1045-1045:1048-1049:1051-1051:1055-1055,tvnwdinealkny?sdpstiqtpeadsalvdcendpeslldnglinsvlnpiv------pdaitrshifdslqfllkytsylsthalsklfdlitsglgaeadvvhhdlesdeqelipahkqlle?ygfllqwtltaaeakaaek-------------------------dsvrqletalst?ckvlrlklgkifittserdtfiglltrpvy?ileseqrvkntsir?hafkvlc?avkhhghgyaaqvsivqnltyfehlsep?aeflhilaeqydypqladevlrelsnkefnsndtkgpksvsaf?irlselaprlvikqvtllakqLDSesytlRcalievfgn?laylskseergenhksq?naffdvleERFLDInpycRcrtiqvyiklceldqkfpkrrqraaelacRSL?DKsshvRrnaikllatlirthpftalhgaqlarkdwqerlerveaelnvlk----------------------------------------eekieavrkaqeqaatseaiekltltkryytealkfidvlheatpvicQLlGSKnKseviea?dyfeigdaynieqnkigirk?lRliWTKgssdegkgvqthliecykrlffeapdsfspndaanyiarn?isltfgatPAelTSlEQllhl??kqg?ipdlviaklwqvygvqrreiskkqrrgaiivlg?lataspeivvge?et?lriglgahgradlQlaKytcialRrinpts---------tfsrlpndhavlvklaaitevptdnKEwYGvaEqaiNaiyalskhpdvlcseiirrktra----------viglsqllfivghVaiKQivHleLceldfkrrkqe------------dneld?iggtteddftea?ahirerel----------------------------nlqQaatLclaKl?Cvsseyceanlplliti?erspdpTvrSNavIAlGD?aVc----identdflyrrladpqp?vkRTcl?TlTFliLagq----gqlge?akclededkRiaDLaR?ffTelst-------hfvd?fsllsaderideeafrrivrfllgfve---????????????????????????????
6SH6,B,A,18-23:25-28:31-35:38-57,nIGNQLLrKMGWtgGGLGKsgEGIREPISVKEQHKREGLGL,171-171:221-226:255-255:258-258:262-262:333-335:338-338:340-341:343-344:351-354:378-380:383-383:387-388:393-393:397-398:409-409:414-422:424-431:434-435:438-439:443-447:635-637:658-658:664-664,phmleqcinpftnlphtpryydilkkrlqlpvweykdrftdilvrhqsfvlvgetgsgkttqipqwcveymrslpgpkrgvactqprrvaamsvaqrvademdvmlgqevgysirfedcssaktilkymtdgmllreamndpllerygviildeahertlatdilmgvlKevvrqrsdlkvivmsatldagkfqiyfdncplltipgrthpveifytpePERDYLeaairtviqihmceeeegdlllfltgqeEidEackRikrevddlgpevgdikiiplystlppqqqqrifeppppk-qngaigrkvvvstniaetsltidgvvfvidPGFakQkVYnPRirveslLVTAiskasaqqragragrtrpgkcfrLYTekAyktEMqdntYpeiLRsnlgsvvlqlKklgiDDLVHFDFMdPPAPETLMraLEllNYlaaLNDDGdltelgsmmaefpldpqlakmviascdyncsnevlsitamlsvpqcfvrpteakkaadeakmrfahidgdhltllnvyhafkqnhesvqwcydnfinyrslmsadnvrqqlsrimdrfnlprrstdftsrdyyinirkalvtgyfmqvahlertghyltvkdnqvvqlhpstvldhkpewvlynefvLTTknyirtctdikpewlvkiapQyydmsNfpqceakrqldriiaklqs
7ADT,C,B,6-7:10-11:13-15:17-19:21-22:24-28,qdaSTkkLSeCLKrIGDeLDsNMELQ,47-48:51-52:55-56:59-60:63-64:75-75:78-79:82-83:85-85:89-92:94-95:99-99:138-138:141-142:145-146,ddidasavmaaylareyaeaveeqltprerdalealrVSgeEVrsPLlqELsnAGe------nshIpaALvsALlEa-tSPGRmVTaveLcaqmgrlwtrgrqlvdfmrlvyvlldrlpptadedlgaWlqAVarVHg
7CNW,B,A,2-9:11-12:14-14:18-33,?TVINLFAPgKVnLveqLESLSVTKIGQPLAVSt,51-51:76-79:83-97:99-99:104-104:112-112:114-114:117-118:126-138:143-143:145-147:149-149:167-167:169-169:179-179:192-202:244-244:250-250,mlnsfklslqyilpklwltrlagwgaskragwltklvidlfvkyykvdmkEaqkpdtasyrtfneffvrplrdevRPIDtdpNVLVMPADGVISQLGkIeedkIlqakghnYsLeaLLagnylmaDLFRNGTFVTTYLsprdYhRVHmPcngilremiyvpgdlfsVnHltaqnvpnlFarnerviclfdtEFGPMAQILVGativgsietvwagtitppregiikrwtwpagendgsvallkGqemgrFklg
7CRU,B,A,4-23,FGKRPAEDMEEEQAFKRSRN,32-34:66-66:70-70:74-74:76-80:83-83:105-105:108-109:112-112:116-116:119-120:156-156:159-159:162-163:166-167:198-198:201-201:205-205:208-208:235-235:239-239:243-243:247-247:249-253:256-256:276-276:278-278:281-282:285-285:288-289:292-293:297-297:320-320:324-324:327-327:330-331:334-334:363-363:367-367:370-370:374-374,wsvddivkginssnvenqlqatqaarklLSRekqppidniiraglipkfvsflgrtdcspiqFesaWaltNiASGTSeqTkavvdggaipafisllasphaHisEQavWalgNiaGDgsvfrdlvikygavdpllallavpdmsslacgylrNltWtlSNlcRNknpappidaveqilptlvrllhhddpevlaDtcWaisYltDgpnerigmvvktgvvpqlvkllgaseLpivTpalRaigNiVTGTDeqTqvvidagalavfpslltnpKtNiqKEatWtmSNitAGrqdQiqqvvnhglvpflvsvlskadfKtqkEavWavTNytSggtveqivylvhcgiieplmnlltakdtKiilVilDaisNifqaaeklgeteklsimieecggldkiealqnhenesvykaslsliekyfs---------------egytfq
7P9W,B,A,2-9:11-13:15-20:22-22,EQWAREIGaQLRrMADDLNaQ,66-66:70-70:73-74:77-78:81-81:84-85:88-89:91-91:95-95:98-99:102-103:105-105:110-113:115-117:120-120,aystreillalcirdsrvhgngtlhpvlelaaretplrlspedtvvlryhvLleeIieRNseTFteTwnRFitHTeHvdlDfnSVflEIfHr--pSLGRaLAWmaWcmhacrtlccnqstpyyvvdlsvrgmleasegldgwihqqggwstliedn
7QTX,B,A,3-6:8-9:11-13:15-20:22-23,eQWAReIGaQLRrMADDLNaQYerr,48-48:52-52:55-56:58-60:62-65:70-70:73-74:76-78:80-81:83-84:88-88:90-91:93-95:98-98:145-145:148-150,lpgevlaiegifmacglnepeylyhpllspiklyitgLmrdKesLFeAMLaNVRFhsttGinQLgLSMlQVsGDgnmNwGRaLAIltFgsfvaqklsnephlrdfalavlpayayeaigpqwfrarggwrglkaYctQVL
7X9C,P,R,1-2:4-7:20-20:22-35,APlEPVYpgdnatpeqmaqYaADLRRYINMLTRPR?,36-36:97-98:101-102:105-105:121-122:174-174:184-185:187-192:194-194:200-203:205-205:208-208:211-211:215-215:218-218:281-281:284-285:288-289:292-293:295-298:301-301:304-304:308-308,qDsvdvmvfivtsysietvvgvlgnlclmcvtvrqkekanvtnllianlafsdflmcllcqpLTavYTimDywifgetlckmsafiQCmsvtvsilslvlvalerhqliinptgwkpsisqaylgivliwviacvlslpFlansilenvFHkNHSKALeFladkvVCTEsWplAhhRtiyTtfLllfqyclplgfilvcyariyrrlqrqgrvfhk-----raghmkqvnvvlvvmvvafavlwlpLhvFNslEDwhHEaIPIChgNliFlvcHllamastcvnpfiygflntnfkkeikalvltcq
7YON,L,R,2-3:18-20:22-33,iKPea---------lnrYYAsLRHYLNLVTRQR?,41-43:107-108:111-112:115-115:117-117:131-131:184-184:188-188:193-195:199-199:201-206:208-208:217-217:220-221:285-285:289-289:292-293:296-296:299-302:304-305:308-308:312-312,LIDstklievqvvlilaycsiillgvignslvihvvikfksmrtvtnffianlavadllvntlclpFTltYTlmGeWkmgpvlchlvpyaQglavqvstitltvialdryrcivyhleskiskrisfliiglawgisallaspLaifReyslIEIipdFeIVACTEkWpgeeksiyGtvYSlssllilyvlplgiisfsytriwsklknhvspgaandhyhqrrqkttkmlvcvvvvfavcwlpLhafQlaVDidSqvLDLKeYKliFtvfHiiamcstfanpllygwmnsnyrkaflsafr
7ZZQ,b,N,49-49:51-58:60-65:68-69,DgSPTMAEVFmTLGGRAteLL,52-58:78-80:83-85:118-119:121-121:123-125:128-128:151-153,kpdftlflqtlsweiddqvgievrnellrevgrgmgtrimpppCQTVDKLqielnallaligwgtvtleLLSedQSLrivhenlpqvgsagepsgtwlapvleglygrwVTsQaGAFgdYvvtrdv------avprqtiimyMRVrs
7PKU,B,A,26-27:29-30:32-39:41-41:51-58:60-62:64-65,rnssrnstpgssrgtsparmagnggDAaLAlLLLDRLNQlEskmsgkgqqQQGQTVTKkSAAeASkkprqkrt,3-3:5-5:16-16:18-20:22-28:31-34:37-37:41-41:45-45:48-50:52-53:55-57:60-60,qgYkSvnitfelderIdKVLnEKCSAYTveLGTEvnEfacVvadAviKTLqPVsELLtpLgidldewsmatyylfdesgefklashmycsfyppde
5NT1,E,F,65-65:68-69:72-72:75-75,slsqasadleatlrhkltvmysqingasralddvrnrqqdvrmtanrkveqlqqeytemkaLldASetTstRkikeeekrvnskfdtiyqillkkkseiqtlkeeieqsltkrdefeflekasklrgistkpvyipevelnhklikgihqstidlknelkqcigrlqeltpss,61-62:66-66,asryltdmtleemsrewsmlipkqkvagplcirmdqaimdkniilkanfsvIFdrlEtlillrafteegaivgeisplpslpghtaedvknavgvligglewndntvrvsetlqrfawrs
5WEZ,B,A,19-36:48-56,gHLISSTGALGSRSLFSPL-----------DIPGLPTNPsr,13-13:16-20:22-22:25-25:27-27:29-29:31-37:39-39:41-41:53-53:55-58:88-91:93-93:95-95:111-112:114-115:119-119:121-121,assrsellldrFaeKIGVGsIsfNeNrLcSFAIDEIyYiSlsdandeymmiYgVCGKfptdnpnfaleilnanlwfaenggpylcyESGAqSlLlalrfplddatpeklENeIEvvvKsMenlylvlhn
5XLN,B,A,21-28:31-32:34-35:38-38,pWPEYIYTRleMYnILkaEhdsilae,10-13:47-48:50-52:105-106:109-109:112-115:117-117:158-159:161-161,kavvpgpaeHPLQynytfwysrrt----------eqnikqigtfasVEqFWRfyshmvrpgdltghsdfhlfkegikpmweddanknggkwiirlrkglasrcwENliLamLGEQfMvgeeicgavvsvrfqediisiwnktasdqattarirdtlrRVlNlppntimeykthtd
6ABO,B,A,22-23:26-27:30-30:33-34:36-38:40-41:44-45:47-48:50-52:55-55:58-58:62-62:65-66:69-69:72-73:75-78,arsmeqqedslekvikdtesLFktREkeYqeTIdQIElELatAKnDMnRHLheYmeMcsmKrgLDvqMetCRrLITQ,169-169:172-173:176-177:179-180:183-184:187-187:190-191:193-194:197-198:201-202:204-205:208-209:211-212:215-216:219-219:223-223:226-227,merkisrihlvsepsithflqvswektlesgfvitltdghsawtgtvseseisqeaddmamekgkyvgelrkallsgagpadvytfnfskescyfffeknlkdvsfrlgsfnlekvenpaevirelicycldtiaenqaknehlqkenerllrdWndVQgrFEkCVsaKEalEtdLYkRFilVLneKKtKIrsLHnKLlnAAqeRekdIkqEG
6HM3,B,A,2-9,YDSILVQA?prksssvitelpd?pi,37-43:55-56:59-59:64-64,skplkgfvicctsidlkqrteistkatklgaayRSDFTKDvthliagdfdtPKykFaaksRpdikimssewipvlyeswvqgedlddgllvdkhllptlfkcrvcltnigqpersrienyvlkhggtfcpdltrdvthliagtssgrkyeyalkwkinvvcvewlwqsiqrnavlepqyfqld
6HOM,D,C,1-13:15-16:18-20:23-23:25-26,DDDLGFDPFVETQkGLaELMenEvVQ,28-28:31-32:34-35:71-76:79-80:83-83:86-86:118-119:122-122:125-126:129-129:136-136:138-138:165-165:168-169:172-172:175-176:215-215:218-219:263-263,hmlerekiyqwinelsspetrenalLelSKkREsvpdlapmlwhsfgtiaallqeivniypsinpptlTAHQSNrvCNalAllQcvashpetrsaflaahiplflypflhtvsktRPfeYlrLTslGvigalvKtDeqevinflltteiiplclrimesgseLskTVatFilQKillddtglayicqtyerfshvamilgkmvlqlskepsaRllKHvvrcylrlsdnprarealrqclpdqlkdttfaqvlkddtttkrWlaqlvknlqe
6JH9,B,A,3-4:6-8:10-12:14-14:16-17:19-29,psLHdALMeAIRsSgGReRLRKVTTNDRS,8-8:18-18:24-34:58-58:61-62:95-95:145-146:148-150:169-171:212-212:216-216:335-336:338-339:343-343:346-348:350-351:353-354:356-357:377-377,TalvcdngsgLvkagfAGDDAPRAVFPsivgrpr----------kdsyvgDeaQSkrgiltlkypie?giitnwddmekiwhhtfynElrvapeehptllteaplnpkanrekmtqimfetfnvpamyvaiqavlslYAsGRTtgivldsgdgvthnvpiyEGYalphaimrldlagrdltdylmkiltergysfvttaereivRdikEklcyvaldfenemataassssleksyelpdgqvitignerfrcpetlfqpsfigmesagihettynsimkcdidirkdlyannvmsggttmypgiadrmqkeitalapstmkikiiapPErKYsvwIggSILaSLsTFqQMwitkqeydeagpsivhrkcF
6JMU,C,A,9-9:11-13:15-17:19-20:22-24:26-27,GsSATrELDeLMaSLSdFKmq,18-18:22-22:25-26:28-29:32-33:36-36:39-40:110-111:114-115:117-118:121-122:124-125:128-129:132-132,ldpglpsTedvIlkTEqVTknIQelLraAQefkhdsfvpcsekihlavtemaslfpkrpalepvrsslrllnasayrlqsecrktvppepgapvdfqllTQqvIQcAYdiAKaAKqlVTitTrekkq
6KBM,B,A,94-100:103-119,SRIPIRQpyHYSQPTTAPFQAQAKFH,94-94:98-98:101-102:105-105:132-132:135-136:139-140:142-143:146-146:148-148:151-151:173-173:177-177:180-180:183-184:187-187:192-192:217-218:221-221:224-225:228-228:233-233:257-257:261-261:264-264:267-268:271-271:305-305:308-309:312-312:344-344:347-347:350-351:354-354:360-360:386-386:389-389:392-393:396-396:423-423:427-427,deasvspiadnereavtlllgyledkdqldfysggplkalttlvysdnlnlqrsaalafaeitekyvrqvsrevlepilillqsqdpqiqVaacAalGNlaVnnenkllivemggleplinqmmgdnvEvqCNavGCiTNlaTrDdnKhkiatsgalipltklakskhiRvqrNatGalLNmtHseenRkelvnagavpvlvsllsstdpdvqYYctTalSNiaVdeanRkklaqteprlvsklvslmdspssRvkcQatLalRNlaSdtsyqleivragglphlvkliqsdsiplvlasvAciRNisIhplneglivdagflkplvrlldykdseeiqcHavStlRNlaAsseknRkeffesgavekckelaldspvsvqsEisAcfAIlaLadvskldlleanildalipmtfsqnqEvsgNaaaalanlcsrvnnytkiieawdrpnegirgflirflksdyatfehialwtilqlleshndkvedlvkndddiingv
6KZA,D,B,7-8:11-11:14-16:19-27:29-30:32-34:36-38:40-42:44-46:48-49:51-51,gdLMqrLqkMMPahIKPAFKTGEeLLaWQKeQGAiRSAaLEReNRaMk,31-31:33-33:68-68:71-72:96-99:112-113:115-124:126-128:249-250:252-254:273-275:278-278:280-280:282-284:286-289:291-292,kniadvldatvarieqlfqqphdgvtgvntGyDdlnkktaglqpsdliivaarpsmgkttfamnlveNaaMLqdkpvlifslempseqimmrslaSLSRvdqtkirtgqldDEdWARISGTMGIlLEKrniyiddssgltptevrsrarriarehggiglimidylqlmrvpalsdnrtleiaeisrslkalakelnvpvvalsqlnrsleqradkrpvnsdlresgsieqdadlimfiyrdevyhenSDlKGIaeiiigkqrngpigtvrlTFNgqWsRfDNYaGPQYdDE
6Q67,B,A,1-11:15-15:18-19:21-28,GLTIEAEPTELsyqDalEMlAESKPVST,12-17:24-24:33-34:39-48:55-55:57-57:119-120:122-122:124-124:129-129:131-131:137-137:161-167,pviaapsMWTRPQirdfkeKirqdsdsvITvgrgEVVTVRVPTHeegsylFwEfatdnydigfgvyfewt-------------------------------------kpvldeiVPvYrRdcheEvYagshqYpgrgvyllkfdnsyslwrsksvyYRVYYTR
6S8R,B,A,2-8:10-10:12-25:27-27,dENLPEWAiEnPSKLGGSFDASGAFhG,15-18:20-26:28-30:33-33:45-48:51-52:55-55:58-59:69-69:111-111:161-162:164-164,ltlkgvtqyYAFVqERQKVHClNTLfsKlqinqsiifcnSTQRveLLakKitELgyccyyihaKmaqahrnrvfhdfrqglcrnlvcsdlftrgidvqavnvvinFdfprmaetylhrigrsgrfghlgiainlityedrfdlhriekelgteikPIpKvidpalyv
6XY4,B,A,4-9:11-13:15-20:22-24,ssAAQLTAaRLKaLGDELHqRTMw,47-47:51-51:54-55:57-58:61-62:78-80:82-83:86-86:89-92:94-96:99-99:137-138:141-142,nyniekvlnvylrdlrieslnnneleilimireccevIkkdYktEFnEIcnFIlqnn-kscydindvkNIIiETinS--RPSViLASisLlsiiikkkkdenn---dddlalnelinkfssyqkdiiSFveKN
6XY6,L,K,4-4:6-7:9-11:13-22:24-26,DaSTkKLSeCLKRIGDELDsNMElq,38-38:41-42:45-46:49-50:52-53:56-56:71-71:73-75:77-78:81-82:84-87:90-91:94-94:133-133:136-137,nyniekvlnvylrdlrieslnnneleilimireCceVIkkDYktEFnEIcnFilqnnvkscydindVkNIIiETinSDfRPSVilASisLlsiiikkkkdennevvdddlalnelinkfssyqkdiisFveKNk
7APO,C,A,2-2:4-6:8-11:13-13:18-18:21-22:24-27,HkILHrLLQDsSspvdLakLTaEATG,58-58:61-62:65-65:68-69:72-72:77-77:82-82:85-86:89-90:235-237:240-241,evgeliekvrkahqetfpalcqlgkyttnnsseqrvsldidlwdkfsElsTKciIktVEfaKqlpgFttltIadQItlLKaacldililrictrytpeqdtmtfsdgltlnrtqmhnagfgpltdlvfafanqllplemddaetgllsaiclicgdrqdleqpdrvdmlqepllealkvyvrkrrpsrphmfpkmlmkitdlrsisakgaervitlkmeipgsmPPLiqEMle
7CQP,C,B,7-11:13-14:16-18:20-21:24-25,NLSLFdLTtLIHpRSaaIAs,10-11:14-15:17-18:21-22:30-30:35-35:38-39:42-42:44-44:50-50:54-54:57-58:66-66:71-71:74-75:78-79,qlteEQiaEFkEAfsLFdkdgdgtIttkeLgtVMrsLgQnpteaElqdMinEVdadgngtIdfpeFltMMarKMk
7DCP,y,x,73-78:88-90:92-92:94-94:96-98:100-100:102-103:105-107:109-110:113-115:140-150:160-168,kklvIKLSEN--------pLVEyVtEkEYNeVpVEeFGDaLLrgMGWe-----------------------QIHPDGLGIGAk-------eEASFMPVVK,9-9:159-162:164-164:402-408:411-412:415-415:436-436:439-439:443-443:446-447:450-451:508-510:526-529:553-554:557-558:562-563:584-584:589-592:602-602:605-606:609-610:613-614:616-616:618-623:625-627:629-629:645-645:649-649:651-651:745-745:789-789:826-829:850-850:853-854,rvkrtyevTr---------------------------------------------------------------------------------------------------------------------------------------------------dKYDYvF---------------------------------------tiqearkllpvhqykdellqeikknqvliimgetgsgkttqlpqylvedgftdqgklqiaitqprrvaatsvaarvademnvvlgkevgyqirfedkttpnktvlkymtdgmllrefltdsklskyscimideahertlatdiligllkdilpqrptlkllissatmnakkfseffdncpifnvpgrrypvdihytlqPEANYIHaaITtiFqihttqslpgdilvfltgqeEieRtktKleEImsKLgsrtkqmiitpiyanlpqeqqlkifqptpencrkvvlatniaetsltidgiryvidPGFvkensyvpstgmtqlLTVPcsrasvdqragragrvgpgkcfrIFtkWSylhELelmpkpeitrtnlsntvlllLslgvTDLIkfplmdkpsIptLRksLEnlYIlGaLNSKGTiTRLgKmmcefpcepefakvlYtaaThEqcqgvleecltivsmlhetpslfigqkrdaaasvlsevesdhilyleifnqwrnskfsrswcqdhkiqfktmlrvrnirnqlfrcsekvglveKndqarmkigniagyinaritrcfisgfpmnivqlgptgyqtmgRssgglnvsvhptsilfvnhkekaqrpskyvlyqqlmLTSKefirdclvipkeewlidmvpQifKDli
7F69,C,A,15-15:18-19:21-29,nekdsrrrQarLQkELAEAAKEP,56-61:75-75:77-77:80-80:82-85:100-100:116-120,gsgqllfanfnqdntslavgsksgykffslssvdkleqiyectdtedvciverLFSSSLvaivslkaprklkVcHfkKgTEICnysysntilavklnRqrlivcleeslyihnIRDMKvlhtiretppnpaglcalsinndncylaypgsatigevqvfdtinlraanmipahdsplaalafdasgtklatasekgtvirvfsipegqklfefrrgvkrcvsicslafsmdgmflsassntetvhifklet--------------------------------------rafatvrlpfcghknicslatiqkiprllvgaadgylymynldpqeggecalmkqhrldgsl
7LEW,B,A,3-3:6-7:9-10:13-14:17-18:20-22:24-26,gpSwaRQeSLqeRKqaLYeYARrRFTer,13-13:16-17:20-21:23-31:38-38:40-40:42-42:45-45:50-51:53-53:55-55:156-156:159-160:162-165,agtalkrlmaeYkqLTlnPPeGIVAGPMNEenffewEaLiMgpEdtcfEFgVfPailsfpldyplsppkmrftcemfhpniypdgrvcisilhap----------aerwspvqsvekillsvvsmlaepndesganvdaskmwrddreqfykiaKqiVQkSLGL
7LWH,B,A,1-6:9-10:12-14:16-22,PKFGTHhkALqEIRnSLLPFANe,134-137:139-140:144-144:175-179:183-184:187-187:191-191:206-206:210-210:213-215,tvrivtmdaemefncemkwkgkdlfdlvcrtlglretwffglqytikdtvawlkmdkkvldhdvskeepvtfhflakfypenaeeelvqeitqhlfflqvkkqildekiycPPEAsVLlasYavqakygdydpsvhkrgflaqeellpkrviNLYQMtpeMWeeRitvWyaehrgrardeaemEylkIaqDLEmygvnyfairnkkgtelllgvdalglhiydpenrltpkisfpwneirnisysdkeftikpldkkidvfkfnssklrvnklilqlcienhdlfmrrrkadslevqqmkaqareekarkqmerq
7OS1,F,B,145-151:165-171:173-180:182-183,FKEKTVT-------------KKRRTENgKSRNLRQRgDD,1451-1452:1477-1477:1480-1481:1484-1484:1510-1515:1550-1551:1554-1554:1565-1569:1573-1577:1591-1591:1593-1593:1596-1600:1603-1604:1614-1615:1618-1619:1622-1622:1626-1629:1654-1655:1664-1665:1717-1717:1719-1719:1725-1730,rqvldledlvftqgshfmankrcqlpdgsfrrqrkgyeevhvpalkpkpfgseeqllpveklpkyaqagfegfktlnriqsklyraaletdenlllcaptgagktnvalmcmlreigkhinmdgtinvddfkiiyiapmrslvqemvgsfgkrlatygitvaeltgdhqlckeeisatqiivctpekwdiitrkggertytqlvrliildeihllhddrgpvlealvarairniemtqedvrliglsatlpnyedvatflrvdpakglfyfdnsfrpvpleqtyvgitekkaikrfqimneivyekimehagknqvlvfvhsrketgktarairdmclekdtlglflregsastevlrteaeqcknlelkdllpygfaihhagmtrvdrtlvedlfadkhiqvlvstatlawgvnlpahtviikgtqvyspekgrwtelgaldilqmlgragrpqydtkgegilitshgelqyylsllnqqlpiesqmvsklpdmlnaeivlgnvqnakdavnwlgyaylyirmlrsptlygishddlkgdplldqrrldlvhtaalmldknnlvkydkktgnfqvtelgriashyyitndtvqtynqllkptlseielfrvfslssefknitvreeeklelqkllervpipvkesieepsakinvllqafisqlklegfalmadmvyvtqsagrlmraifeivlnrgwaqltdktlnlckmidkrmwqsmcplrqfrklpeevvkkiekknfpferlydlnhneigelirmpkmgktihkyvhlfpklelsvhlqpitrstlkveltitpdfqwdekvhgsseafwilvedvdsevilhheyfllkakyaqdehlitffvpvfeplppqyfirvvsdrwlscetqlpvsfrhlilpekyppptelldlqplpvsalrnsafeslyqdkfpffnpiqtqvfntvynsddnvfvgaptgsgkticaefailrmllqssegrcvyitpmealaeqvymdwyekfqdrlnkkvvlltgetstdlkllgkgniiistpekwdilsrrwkqrknvqninlfvvdevhliggengpvlevicsrmryissqierpirivalssslsnakdvahwlgcsatstfnfhpnvrpvplelhiqgfnishtqtrllsmakpvyhaitkhspkkpvivfvpsrkqtrltaidilttcaadiqrqrflhctekdlipyleklsdstlketllngvgylheglspmerrlveqlfssgaiqvvvasrslcwgmnvaahlviimdtqyyngkihayvdypiydvlqmvghanrplqddegrcvimcqgskkdffkkflyeplpveshldhcmhdhfnaeivtktienkqdavdyltwtflyrrmtqnpnyynlqgishrhlsdhlselveqtlsdleqskcisiedemdvaplnlgmiaayyyinyttielfsmslnaktKVrglieiisnaaeyenipirhhednLlrQLaqKvphklnnpkfndphvktnlllqahlSRMQLSaelqsdteeilskairliqacvdvlssngwlspaLAamElaqmvtqamwSKDSYlkqLPHFTsehikrctdkgveSvFdiMEMEDeeRNallqltdsqIAdvARfcNrypNIELsyevvdkdsirsggpvvvlvqlerEEevtgpviaPLfpqkreegwwvvigdaksnslisikrltlqqkakvkldfvapatgahnytlYfMsdaymGCDQEYkfsvd
7P0S,U,A,4-5:8-9:11-13:15-17:19-20:22-24:26-26,qWAreIGaQLRrMADdLNaQYErR,48-48:51-52:55-56:59-60:63-63:66-67:75-75:78-79:82-83:87-87:89-92:94-95:99-99:138-138:141-142:144-146,ddidasavmaaylareyaeaveeqltprerdalealrvSgeEVrsPLlqELsnAgeHRanpenshIpaALvsALle-PtSPGRmVTaveLcaqmgrlwtrgrqlvdfmrlvyvlldrlpptadedlgaWlqAVaRVHg
7P33,H,C,4-4:7-12:14-16:18-23,sQedIIRNIArHLAqVGDSMDrsippglvn,66-66:70-70:73-74:77-78:81-81:84-85:88-88:90-90:95-95:98-99:102-103:110-110:112-113:115-117:120-120,ystreillalcirdsrvhgngtlhpvlelaare-plrlspedtvvlryhvLleeIieRNseTFteTwnRFitHtEhvdlDfnSVflEIfhrgdpSlGRaLAWmaWcmhacrtlccnqstpyyvvdlsvrgmleasegldgwihqqggwstlie
7Q72,C,A,11-12:14-16:18-34:38-39,islpllKQdDWLsSSKPFGSSTPNVVIEFDsddDG,367-368:370-370:375-378:425-425:428-429:432-434:477-479:488-488:490-490:492-492:498-504:507-508:511-511:515-515:522-531:533-533:551-551,ttkqwgitppistapateqenalntalinelknqnlfespaesekrvkvldelqqittefvkkvslakhmnekmaneaggkiftygsyrlgvygpgsdidtlvvvpkhvsrdnffqdlepmlrereevtdlaavpdayvpiikfkflgisidlifarlsvprvprdlelsdnnllkgveercvlslngtrvtdqilqlvpnravfkhalraikfwaqrraiyanvvgfpggvawammvaricqlypnavssvivakffrilhqwnwpqpillkpiedgplqvriwnpklypsdkahrmpiitpaypsmcathnitlstqtiilremvrageiadqimvkalpwsalfqkhdffhryKHyLtitaAAKTaeaqlkwaglvesklrhlvtrlelvdaialahpfnkgfdkvyncssEeeAQqvASGvtlevayestdheklan-------------------------FPVytttcyigLeLeK-----IKRLDISwpTQefYelcKkwdkydDTLMNVFIKNtKntalpdevfepgeerpkA
7T6A,C,A,22-31,egdiigtfnfsssDSQPLKIHWV,59-59:78-78:80-84:102-108:113-113:116-116:162-163:180-183,sahtesvcvhagtatgadlhwlnaictgkstytvncapagnknagsthtgtcpagqdcFqleqvgnfwgdrepdatcSpSNTVFdavddkeathvngkvvtRAGKPGIgrklIrlKaqvyrrdghygqtsrmgffrngkevyhidnvasmeptwnfdpssdQSfsffftpgpnafriqgTLNLas
7UI8,B,A,1-23,GDTKHEVRHENPQDEAQTIVVNK,6-8:10-17:19-19:26-32:35-35:40-40:42-42:48-50:55-56:61-61:64-64:68-68:70-70:99-118,TNPkEGQLATTVsVknnestTPVRLLSkdTqgveVtDtvsysDLVggkvYEltgtLmqIkadGsTeaiasaskevtaetsgkgtweltfapqnLKAGEKYVVYEVAKSKENLV
7VD7,B,A,1-1:5-6:8-10:12-13:15-15:17-17:20-30:32-33:35-43,LsaqHEaELKaLAkKsDdeIDYSDIPASEDgQWsEAVRGKFFRp,1-2:10-10:15-15:17-21:24-24:29-30:32-37:48-49:51-51:54-55:57-58:60-61:63-64:66-66:73-73:75-75:79-91:94-94,PMefewdanKaksnLrKHGVRfeDavlvFDdPRHLSRqeryengeyrWQtLglVHgIVvILvAHsVrfesgfDvIriiSARKADRKERNRYehG
7XL3,G,C,58-65:67-68:70-72:74-75:77-79:84-86:88-94,LPSVEAKQkERdALAkAMeEFLsrggKVQeIEPNVVA,57-57:60-62:64-66:73-76:103-103:107-107:109-109:111-111:117-117:119-128:399-400:403-403:423-426:472-472:476-476:492-498,maysytekkrirkdfsklpdvmdvpyllaiqldsyreflqagatkeqfrdvglhAafKSVfPIIsysgnaALEYvgyrlgepafdvkecvlrgvtfavplRvkvRlIiFdressNkAIKDIKEQEVymgeiplmtengtfiingtervivsqlhrspgvffdhdrgkthssgkllysariipyrgswldfefdpkdcvfvridrrrklpasvllralgysteeilnafyatnvfhikgetlnlelvpqrlrgevasidikdgsgkviveqgrritarhinqlekagvsqlevpfdyligrtiakaivhpatgeiiaecnteltldllakvakaqvvrietlytndidcgpfisdtlkidntsnqlealveiyrmmrpgepptkeaaetlfgnlffsAEryDlsavgrmkfnrrigrteieGPGVlskediidvlktlvdirngkgivddidhlgnrrvrcvgemaenqfRvglVrveravkerlsmaesEGLMPQDlinakpvaaaikeffgssqlsqfmdqnnplseithkrrvsalgpggltreragfevrdvhpthygrvcpietpegpniglinslatyartnkygflespyrvvkdslvtdeivflsaieeadhviaqasatlnekgqlvdelvavrhlneftvkapedvtlmdvspkqvvsvaaslipflehddanralmgsnmqrqavptlradkplvgtgmernvardsgvcvvarrggvidsvdasrvvvrvaddevetgeagvdiynltkytrsnqntcinqrplvskgdvvargdiladgpstdmgelalgqnmrvafmpwngfnfedsiclservvqedrfttihiqeltcvardtklgpeeitadipnvgeaalnkldeagivyvgaevqagdilvgkvtpkgetqltpeekllraifgekasdvkdtslrvptgtkgtvidvqvftrdgverdsralsiekmqldqirkdlneefrivegatferlraalvga--------------------------------addalneqlekaqayisdrrqllddkfedkkrklqqgddlapgvlkivkvylaikrriqpgdkmagrhgnkgvvsvimpvedmphdangtpvdivlnplgvpsrmnvgqilethlglaakglgekinrmleeqrkvaelrkflheiyneiggreenldelgdneilalaknlrggvpmatpvfdgakereikamlkladlpesgqmrlfdgrtgnqferpttvgymymlklnhlvddkmharstgsyslvtqqplggkaqfggqrfgemevwaleaygaaytlqemltvksddvngrtkmyknivdgdhrmeagmpesfnvlikeirslgidielet
7YCJ,B,A,8-20:42-45:47-49:51-53,ssasffrPSNPTFGTSISNV---------------------SSSKaLLSsFIArsd,12-12:17-17:20-21:23-24:27-28:47-47:52-52:54-55:57-58:61-62:65-65:143-143:147-147:149-149:152-152:181-181:184-185:187-188:193-193:218-219:222-222:225-226:229-229:234-234:262-262:265-265:268-269:272-272:277-277:306-306:309-310:313-313:345-345:348-348:351-352,easvspIadneReaVTlLLgyLEdkd-ldfysggplkalttLvysdNlNLqRSaaLAfaEitekyvrqvsrevlepilillqsqdpqiqvaacaalgnlavnnenkllivemggleplinqmmgdnvevqcnavgciTnlaTrDdnKhkiatsgalipltklakskhirvqrnatGalLNmTHseenRkelvnagavpvlvsllsstdpdvqYYctTalSNiaVdeanRkklaqteprlvsklvslmdspssrvkcQatLalRNlaSdtsyQleivragglphlvkliqsdsiplvlasvAciRNisIhplneglivdagflkplvrlldykdseeiqcHavStlRNlaasseknrkeffesgavekckelaldspvsvqseisacfailaladvskldlleanildalipmtfsqnqevsgnaaaalanlcsrvnnytkiieawdrpnegirgflirflksdyatfehialwtilqlleshndkvedlvkndddiingvrk
8A8F,B,A,1-5:8-14:18-19:22-28:30-30:32-41:43-43:50-50:53-54:56-58,ISVQDsnVQSILRNgkpKKarISSIKFLdDsQLIKVYGDDLpNqglqvsPtqLKkILKp,14-14:20-20:49-50:52-59:74-74:78-78:81-84:86-86:113-114:116-117:119-119:166-169:242-243:252-253:255-255:257-257:261-261:277-277:279-279:283-283:285-285:287-299,qpvdvdniiDrllevRgskpgqqvdleeneirylcskarsifikQPiLLELEAPIkicgdihgqyydllRlfeYggFPPEsNylflgdyvdrgkqsleticlllaykiKYpENfFilrgnhecasinriygfydeckrryniklwktftdcfnclpiaaiiDEKIfcmhgglspdlnsmeqirrvmrptdipdvgllcdllwsdpdkdivgwsendrgvsftfgpdvvnrflqkqdmELicrahqvvEDgYeFfskRqlvtlfsapnycgefDnAgamMsVdESLLCSFQILKPA
8K00,B,A,1-1:3-8:11-13:15-17:19-20:23-24:26-27,GtSSGSAFsaDDLmSIDlAEqmANdSDdsis,32-32:34-34:36-36:39-39:42-42:44-44:55-56:58-58:60-62:82-82:84-84:86-90:92-92:94-94:96-96:98-98:118-118:120-120,smvgqlsegaiaaimqkgdtnikpilqviniRpItTgnSppRyRllmsdglntlSSfMlATQlnplveeeqlssncvcqihRfIvNTLKDgRrVvIlMelevlksaeavgvkignpvPyN
8SG7,C,B,28-38:48-58,PSVKRPHASPD---------DQPARKRLDFG,85-88:91-91:93-93:123-123:127-127:129-131:133-133:136-136:162-162:165-165:169-169:172-173:209-209:212-212:215-216:219-219:221-221:251-251:254-254:258-258:261-261:288-289:292-292:296-296:300-300:302-304:306-306:309-309:331-331:334-335:338-338:341-342:345-346:376-377:380-380:383-384:387-388,gtvnwsvedivkginsnnlesqlqatqaarklLSREkqPpIdniiraglipkfvsflgktdcspiqfesaWaltNiASGtSeqTkavvdggaipafisllasphahiseQavWalgNiaGDgsafrdlvikhgaidpllallavpdlstlacgylrNltWtlSNlcRnKnpappldaveqilptlvrllhhndpevlaDscWaisYltDgpneriemvvkkgvvpqlvkllgateLPivTpalRaigNiVTGtDeqTqkvidagalavfpslltnpktNiqKEatWtmSNitAGrqdqiqqvvnhglvpflvgvlskadfktqKEaaWaiTNytSGgtveqivylvhcgiieplmnllsakdtkiiqvildaisnifqaaeklgeteklsimieecggldkiealqrhenesvykaslnliekyfs
6G04,B,A,5-12:14-19:21-26,sgsqHMRPRFNReNKVSPAdAAKKAL,30-31:33-35:37-38:41-42:45-45:62-62:65-69:71-73:75-77:79-79:88-88:91-92:95-96:98-100:129-129:133-133:136-137:139-139,sgshmstqyidetafvqaeqgktnlmfsdEKqQARfELgvSMviYkwdaldvavenswggpDsaEKRDWiTGIvVDLfKnekvvdaaLieETllYAmIDEfetnveddsalpiaveviniyndcfnlnYnkvEklYLeWqekqrtkkskrvvhieg
7B2B,B,A,1-3:5-7:9-9:11-11:13-18:20-22:24-24:26-29:31-31,MNNnELTsLpLaERKRLLeLAKaAkLSRQhY,17-17:62-62:80-81:84-85:87-97:99-100:102-104,dhssvitqeyaapqgeIeeqladiwqtilkidrigrydnffelgghsllvlqlqsrineifDvdisiqqlfahpsicqlEEciINaQLLQFDADSLQdIYkSME
5YIP,B,A,3-8:12-13:15-17:19-22,peDDWTEFsseEIrEARqAAASh,11-11:15-15:23-23:27-27:34-34:36-36:52-52:54-58:60-62:64-66:68-70:72-73:110-110,gpgsefmkfqYkedHpfeyrkkEgekIrkkypdRvPvivekapkarvpdldKrKYLVPsDLTvGQFyFLIrKRihlrpedalfffvnntipptsatmgqlyednheedyFlyvaysdesvygk
6C90,B,A,4-34:36-37:39-43:45-45,PIPDMSKFATGITPFEFENMAESTGMYLRIRsLLkNSPRNqQ,132-133:136-137:145-154:164-164:167-177:204-208:232-232:348-349:352-352:355-356:359-360:363-363:402-403:405-408:423-425:462-462:505-506:508-512:516-516:567-567:570-571:693-693:697-697:701-701:704-705:723-723:730-734,lsladlmprvkvqsvetvegcthevalpaeedylplkprvgkaakeypfildafqreaiqcvdnnqsvlvsahtsagktvcaeyaialalrekqrviftspikalsnqkYRemYEefqdvglMTGDVTINPTasclvmtteIlrSMLYRGSEVMRevawvifdeihymrdsergvvweetiILLPDnvhyvflsatipnarqfaewichLhkqpchviytdyrptplqhyifpaggdglhlvvdengdfrednfntamqvlr------------------gpsnvfkivkmimernfqpviifsfskkdceayalqmtkldfntdEEkkMveEVfsNAidClsdedkklpqvehvlpllkrgigihhggllpilketieILfSEGLikalfatetfamgiNMPartvlftnarkfdgkdfrwissgeyiqmsgragrrgMddrgivilmvdekmsptigkqllkgsadplnsafhltynmvlNLlRVEEInpeYmleksfyqfqhyraipgsrtvlqmdelkcrkrvlrrlgfatssdviemkgRvaCEissadellltemmfnglfndlsaeqatallscfvfqenssempklteqlagplrqmqecakriakvsaeakleideetylssfkphlmdvvytwatgatfahickmtdvfegsiircmrrlEellRqmcQaaKAigntelenkfaegitkiKrdivfaASLYL
6H9N,B,A,65-66:68-69:72-73:76-78:81-87,qEAlEEraRNelSMTrpGETFYRL,138-138:140-140:142-142:156-158:163-163:166-166:169-170:173-174:177-177:187-187:189-189:191-200,sklvltgerhytrnddirqsilalgepgtfmtqdvniiqtqieqrlpwikqvsvrkqwpdelkihlveyvpiarwndqhmvdaegntfsvppertskqvlpmlygpegsanevlqgyremgqmlakdrftlkeaamTaRrSwqltlnndiklnlGRGdtmkRlaRfvELypVLqqQaqtdgkrisYvDlRYDSGAAVGWaplp
6J56,C,A,4-5:7-12:15-16:18-20:22-26,gvtSEgKFDKFLeeRAkAADrLPNLSs,17-20:37-37:49-49:51-51:53-53:55-57:59-59:61-61:69-73:77-80:82-83,rqreiemnrqqrffrIPFIr----------kkkgwWyahfdgpwiarQmElHpDKPpIlLvagkddmEMCELnleETGLtRKrgaeilprqfeeiwercggiqylqnaiesrqarptyatamlqs
6J4P,B,A,28-28:32-47:49-51:53-54:57-57:61-61,rvekakqksaQqelKQRQRAEIYALNRVMTeLEQqQFdeFckqM,11-13:18-18:21-22:25-25:28-30:35-35:39-40:42-43:45-51:75-81:85-85:107-110:141-142:166-167:194-195,lfhvnksgFPIdshtWerMWmhVakVHPkggeMvgaIRnAAfLAKPSIPqvpnyrlsmtipdwlqaiqnymkTLQYNHTgtqFfeirkmrplsglmetakemtrESLPikcleavilgiyltngqpsierfpisfktyFSgnyfhhvvlgiycngrygslgmsRRaelmdkpltfrtlsdlifdfedsykkYLhtvkkvkiglyvphephsfqpiewkqlvlnvskmlradirkelekyardmrmk
6L8G,A,B,2-3:5-6:8-12:14-15:18-23:25-27:30-38,nSMmETlYLQQNpNNaeHLAQSIaDLErgKTITKDIDV,2-11:13-13:15-16:31-32:34-35:50-56:59-59:61-61:63-63:66-67:69-69:71-71:78-78:80-83:86-88,ARLNITFSPQaFeDYkyfqqndkkmvkkiNElLKsidrngalegigkpEKLKSNLtgYySrRinHEhRlVytvddnHiKIASckYHY
6M64,F,E,2-3:5-7:9-10:13-14:16-18:20-23:26-26,PPpAAVeAArqILrEAQqQQHLysDed,11-11:81-85:127-129:132-133:135-136:139-140:189-189:192-193:196-197,vtysEpafwcsiayyelnqrvgetfhasqpsltvdgftdpsnserfclgllsnvnrnatvemtrrhigrgvrlyYIGGEvfaeclsdsaifvqspncnqrygwhpatvckippgcnlkifNNQefAAlLAqsVNqgfeavyqltrmctirmsfvkgwgaeyrrqtvtstpcwielhlngplqWldKVltQMgs
6MJC,B,A,1-5:8-9:11-16:18-27,SNAPTlgERlDSLHEIkSARRMDHFNDd,7-7:10-10:23-29:31-32:47-47:51-51:63-64:66-66:68-68:70-70:89-90:92-97:99-100:103-104:107-107,aetiEiiKdlfehlcgvrvhRTYEDDTgLWfdtsqgskngimdyKlgfVks------evdTEvIyVpLlkqrtaeelqelqkklpdYLfETLSFPlRSlnQFyiKmskslnk
6QNP,I,B,34-41:55-66,SRPLIDLM-------------SPVVGQLIDLSS,50-50:52-52:64-68:80-80:82-84:87-87:89-89:91-93:96-96:98-98:101-101:143-145:164-164:182-183:185-185:188-194:216-216:218-218:227-227:229-229:231-234:245-245:247-247,ilpirfqehlqlqnlginpanigfstltmesdkficirekvgeqaqVvIidmndpsnpirRPISAdsaimnpaskvIaLKAgkTlQiFNIemKsKmkAhtmtddvtfwkwislntvalvtdnavyhwsmegesqpvkmfDRHsslagcqiinyrtdakqkWllltgisaqqnrvvgamQLySvdRKVSQPIeghaasfaqfkmegnaeestlFcFavrgqaggKlHiIEVGtpptgnqpfpKkAvdvffppeaqndfpvamqisekhdvvflitkygyihlydletgtciymnrisgetifvtapheatagiigvnrkgqvlsvcveeeniipyitnvlqnpdlalrmavrnnlagaeel
6TQP,B,A,1-5:7-9:11-20:22-23:26-26,EEQWArEIGaQLRRMADDLNaQYerR,50-50:53-54:57-58:61-62:64-65:68-70:77-77:80-81:84-86:88-89:92-93:95-95:97-98:100-102:105-105:143-143:146-149,nscnfnnsiknvivfyinekalieekkmlscyenkllnlikeDceNImlKYkpNLsYIcsLLKvddtseEniKHikDQIiESleNDnRpSVkLAIisLismivemngykgknipmsfliedialkisensedlinFinIKNK
6UEB,B,A,6-42,?????EDMGRLHLDDGKSPNHGEIAKVGEGKYREDFQMDEGE,410-410:413-414:417-417:438-438:443-448:716-716:718-721:723-723:736-740:750-751:754-755:757-758:1395-1395:1437-1437:1439-1439:1441-1442:1444-1445:1448-1449:1452-1452:1455-1456:1459-1460:1463-1463:1495-1496:1734-1734:1940-1940:1946-1946:1986-1986:1989-1998:2001-2001:2038-2042:2047-2047:2057-2059:2061-2061,nilrnsdynlnspliedparlmlewlktgnrpyrmtltdncsrsfrvlkdyfkkvdlgslkvggmaaqsmislwlygahsesnrsrrcitdlahfysksspiekllnltlgnrglrippegvlsclervdydnafgrylantyssylffhvitlymnaldwdeektilalwkdltsvdigkdlvkfkdqiwgllivtkdfvysqssnclfdrnytlmlkdlflsrfnslmvllsppeprysddlisqlcqlyiagdqvlsmcgnsgyevikilepyvvnslvqraekfrplihslgdfpvfikdkvsqleetfgpcarrffraldqfdnihdlvfvfgcyrhwghpyidyrkglsklydqvhlkkmidksyqeclasdlarRilRWgfDkyskwyldsrflardhpltpYiktqTWPPKHivdlvgdtwhklpitqifeipesmdpseilddkshsftrtrlaswlsenrggpvpsekviitalskppvnpreflrsidlgglpdedliiglkpkerelkiegrffalmswnlrlyfvitekllanyilplfdaltmtdnlnkvfkklidrvtgqglldysrvtyafhldyekwnnhqrlestedvfsvldqvfglkrvfsrtheffqkawiyysdrsdliglredqiycldasngptcwngqdggleglrqkgwslvsllmidresQiRNTRtKilaqgdnqvlcpTYMLSpglsqegllYEleRIsRNalsiyraveegasklgliikkeetmcsydfliygktplfrgnilvpeskrwarvscvsndqivnlanimstvstnaltvaqhsqslikpmrdfllmsvqavfhyllfspilkgrvykilsaegesfllamsriiyldpslggisgmslgrfhirqfsdpvseglsfwreiwlssqeswihalcqeagnpdlgertlesftrlledpttlnirggasptillkdairkalydevdkvensefreaillskthrdnfilflisveplfprflselfsssflgipesiigliqnsrtirrqfrkslsktleesfynseihgisrmtqtpqrvggvwpcsseradllreiswgrkvvgttvphpsemlgllpkssisctcgatgggnprvsvsvlpsfdqsffsrgplkgylgsstsmstqlfhawekvtnvhvvkralslkesinwfitrdsnlaqalirnimsltgpdfpleeapvfkrtgsalhrfksaryseggyssvcpnllshisvstdtmsdltqdgknydfmfqplmlyaqtwtselvqrdtrlrdstfhwhlrcnrcvrpiddvtletsqifefpdvskrisrmvsgavphfqrlpdirlrpgdfeslsgrekshhigsaqgllysilvaiHdsgyndgtifpvniygkvsprdylrglargvligssicfltRmTnINiNRplELvsGviSYilLRldNhpslyimlrepslrgeifsipqkipaaypttMKegnrsilcylqhvlryereiitaspendwlwifsdfrsakmtylslityqshlllqrvernlsksmrdnlrqlsslmrqvlgghgedtlesddniqrllkdslrrtrwvdqevrhaartmtgdyspnkkvsrkvgcsewvcsaqqvavstsanpapvseldiralskrfqnplisglrvvqwatgahyklkpilddlnvfpslclvvgdgsggisravlnmfpdaklvfnsllevndLmasgthplppsaimrggndivsrvidldsiwekpsdlrnlatwkyfqsvqkqvnmsydliicdaevtdiasinritllmsdfalsidgplylvfktygtmlvnpnykaiqhlsrafpsvtgfitqvtssfsselylrfskrgkffrdaeyltsstlremslvlfncsspksemqrarslnyqdlvrgfpeeiisnpynemiitliDsdvesFlvhkmvddlelqrgtlskvaiiiaimivfsnrvfnvskpLtdPSFYPPSDPKilRhfniccstmmylstalgdvpsfarlhdlynrpityyFRKQVirgnVylswswsndTSVfKrvacnsslslsshwirliykivkttrlvgsikdlsreverhlhrynrwitledirsrsslldyscl
7FB5,B,A,3-10:12-13:16-17,DDFELLDQsELdqIEselglt,17-17:21-21:25-25:28-28:30-32:45-46:48-52:54-55:59-60:62-64:66-67:104-104,mkfvykeehpfekrrsEgekIrkkYpdRvPVIvekapkarigdlDKkKYLVPsDLtvgQFyFLIrKRihlraedalfffvnnvipptsatmgqlyqehheedfFlyiaysdesvygl
7LWB,D,A,23-23:26-27:30-31:33-34:37-38:41-42:45-46,ltdpnrprftLqeLRdvLQeRNklKSqlLVvqEElqc,2-2:4-4:7-7:44-50:61-61:65-65:72-73:76-76:80-80,ShMakTydylfkllligdsgvgktcvlfrfsedafnstfistIGIDFKIrtieldgkriKlqiWdtagleRFr?IttaYyrgamgimlvyditneksfdnirnwirnieehasadvekmilgnkcdvndkrqvskergeklaldygikfmetsakaninvenafftlardikakmdkklegn
7NDX,B,A,3-10:13-14:16-17:19-20,PQIKELTDeeAErLQlEIdqkkdaenh,8-8:10-10:12-13:24-31:44-47:79-79:81-81,pVtHdLRvsleeiysgcTKKMKISH-----------nEDKIltievkkgwkegtkitfp-------------IvFvlkdkphnifkrdgsdviyparislrealcgctvnvptldgrtipvvfkdvirpgmrrkvpgeglplpktpekrgdliiefevifperipqtsrtvleqvlpi
7OG1,GGG,BBB,49-57:64-66:68-73:75-80,IEIKPMHPNnshhtmASLdELKVSIgNITLSP,423-423:426-426:429-430:433-434:436-439:448-448:451-451:455-455:457-461:464-465:492-497:500-500:503-504:507-508:511-513:527-527:530-531:534-535:538-538,geifelkaelnnekkekrkeavkkviaamtvgkdvsslfpdvvncmqtdnlelkklvylylmnyaksqpdmaimavnsfvkdcedpnpliralavrtmgcirvdkiteylceplrkclkdedpyvrktaavcvaklhdinaqmvedqgfldslrdliadsnpmvvanavaalseiseshpnsnlldlnpqninklltalnectewgqifildclsnynpkddreaqsicervtprlshansavvlsavkvlmkflellpkdsdyynmllkklapplvtllsgepevqyvalrninlivqkrpeilkqeikvffvkyndpiyvklekldimirlasqaniaqvlaelkeyatevdvdfvrkavraigrcaikveqsaercvstlldliqtkvnyvvqeaivvirdifrkypNkyEsiIAtlCEnLDSLdepdaraaMiwIvgeYaERIDNadELlesflegfhdestqvqltlltaivklFLKKPSetQelVQqvLSlaTQDsdnpdlrdrgyiyWrlLStdPVtaKevvlsekpliseetdlieptlldelichigslasvyhkppnafveg
7QV8,D,A,3-3:5-12:16-19:22-23,sLvPTLFSTASgkpVTVRreSLq,63-65:71-71:73-73:76-76:88-88:91-92:94-98:104-104:107-108:110-112:114-115:117-118,eiimvttgsrevdkllgggietgsitelfgefrtgktqlchtlcvtcqlpisqggaegmaLYIdtegtFrPerLvavaarygldpEdvLAnVACARafntdHqqQLlLQAsAMmAEnrfalivvdsatalyrtdysgrnelaarqmhlgkflrslhnlaeeygvavvvtnqv-----------sttrlslrkgrgeqriikvyd------aeaifgiyddgvgda
7QYR,T,B,13-13:16-16:18-18:20-20:24-24:26-26,eeeeeeeeeeeeEeeEeEeEeeeEeE,16-17:19-20:23-24,mkiavlsrnprlystRRlVEagRErghemvvidtlraymniashkpqihyrgqplegfdaviprigasvtfygcavlrqfemmgvfplnesvaiarsrdklrslqllsrkgiglpvtgfahspddvpdliemvggaplvikllegtqgigvvlcetekaaesvleafmglkhnimvqeyikeaggadircfvvgdkviasmkrqaapgefr-----ggsaslikitpeermtairaarvmglnvagvdilrsnhgplvmevnsspglegiesttgkdiagiiiqyleknggp
7T7T,W,A,4-8:18-40,KQTAR---------KQLATKAARKSAPATGGVKKPHR,67-67:69-71:73-74:77-77:95-95:107-107:110-111:113-114:117-117:121-121:147-147:149-150:153-154:157-157:160-161:164-164:180-180:203-204:207-207:210-211:218-218:220-220:249-250:253-254:257-257:261-261:275-275:279-279:284-284:287-287:290-290:293-294:297-297:300-301:312-312:328-328:331-331:334-335:338-339:341-342:345-345:391-391:393-394:396-396:428-428:431-432:457-457:461-461:464-465:468-468:471-472:483-483:498-498:500-501:504-505:508-508,?grde?q?seakrayrsakeegnrqEeARWaNVigDilknrgeyvealkwfriDydvsvkylpekHllPTcQSlgEvylRlehfkdaliyqkkhlelakdasdlvEqQRacTQlgRtyYE?fLr-----ysirnakkyFksa?klaqtlk-------ssflKEyiDahNNig?lq?E-Dnleeakkllirgleicnee----dddgrSRlhHNlgNvy?Elr?wdksrehieqDiiiCkkieHrqGeaKgyINlgElhYRvqkydeailcYqkalnlaqs?ededaLasQidQNieTVkKAieV?delkkeeqnlkkltrn?iiakgtsqerksllqqnasldclieksS?IFaWlkhceyakrkkriaselcdkgklsdsflvigEsyQKlrkfnkaikwytkswe?yksignlEgqaLakVN?gNvlDSngdwagaldaFqegyriaveanlpsVqLSalEN?hYsh?irfdnieearrlq
7V0K,D,P,78-83:85-89:92-93:96-97:100-100:103-104:107-108:111-112:115-115,GERVQLaHHFSEpeITliIFgvMagVIgtILliSYgiRrl,374-374:378-379:492-492:495-495:498-499:502-503:506-507:643-658:715-715:718-718,qmeepaahdteatatdyhttshpgthkvyvelqelvmdeknqelrwmeaarwvqleenlgengawgrphlshltfwsllelrrvftkgtvlldlqetslagvanqlldrfifedqirpqdreellralllkhshagelealggvkpavltrs----------hssletqlfceq------------ilekippdseatlvlvgradfleqpvlgfvrlqeaaeleavelpvpirflfvllgpeaphidytqlgraaatlmservfridaymaqsrgellhslegfldcslvlpptdapseqallslvpvqrellrrryq----------------------plqQtgqLFgglvrdirrrypyylsditdafspqvlaavifiyfaalspaitfggllgektrnqmgvsellistavqgilfallgaqpllvvgfsgpllvfeeaffsfcetngleyivgrvWigFwlILlvVLvvAFegsflvrfisrytqeifsflislifiyetfsklikifqdhplqktynynvlmvpkpqgplpntallslvlmagtfffammlrkfknssyfpgklrrvigdfgvpisilimvlvdffiqdtytqklsvpdgfkvsnSSARGWVIHPLGLRSEfpiwmmfasalpallvfiliflesqittlivskperkmvkgsgfhldlllvvgmggVaaLfgmpwlsattvrsvthanaltvmgk-------aqiqevkeqrisgllvavlvglsilmepilsriplavlfgiflymgvtslsgiqlfdrilllfkppkyhpdvpyvkrvktwrmhlftgiqiiclavlwvvkstpaslalpfvliltvplrrvllplifrnvelqcldaddakat
7XV1,B,A,6-6:9-10:12-14:16-18:20-20:22-23:26-29,gtssgEerEVkKACeDFEqDqNAseEWIT,28-29:31-31:33-33:41-41:43-45:53-55:57-57:59-61:81-81:83-83:85-85:87-87:91-91:93-93:95-95:97-97:120-120,mvgqlsegaiaaimqkgdtnikpilqvINiRpIt---sppRyRLLmsdglntLSSfMlATQlnplveeeqlssncvcqihRfIvNtLkdgRrVvIlMelevlksaeavgvkignpvpynE
8UC6,E,B,3-8:10-11:28-31:34-35:37-39:41-42,VLPELPsVP----------------DIDFddLSrRFEeLKk,7-7:10-11:14-15:18-18:21-22:26-26:33-33:40-40:50-50:52-52:55-56:59-60:62-63:67-67:84-84:87-88:90-91:94-95:98-98:101-102:113-113:132-132:135-136:138-139:142-143:145-146,mdatalErdAVqfARlaVqrDHegrYseavfyYkeaaqaLiyaemagssLeNiqEKitEYlERvqaLhsav------plkskhQldLErAHflVTqaFdeDEkenvedaielYteavdlclktsyetadkvLqnKLkQLarQAlDRaealsepl
